Event Name,TEMP ID,TEMP Validation Time,Status,Total Validado,TEMP Usuarios de Validadores
[Ingreso FREE] Open Bar Session – Minau Radio Viernes 24 ,7234,"sábado, enero 1, 2000, 01:00",No Ingresado,27,
25.10 | Garden Sunset ROCIO PORTILLO | Pre Veda en Fruta,7160,"sábado, enero 1, 2000, 01:00",No Ingresado,477,
25.10 | Garden Sunset ROCIO PORTILLO | Pre Veda en Fruta,7160,"sábado, octubre 25, 2025, 15:00",Validado,6,acreditadorfruta@gmail.com
25.10 | Garden Sunset ROCIO PORTILLO | Pre Veda en Fruta,7160,"sábado, octubre 25, 2025, 16:00",Validado,24,acreditadorfruta@gmail.com
25.10 | Garden Sunset ROCIO PORTILLO | Pre Veda en Fruta,7160,"sábado, octubre 25, 2025, 17:00",Validado,39,acreditadorfruta@gmail.com
25.10 | Garden Sunset ROCIO PORTILLO | Pre Veda en Fruta,7160,"sábado, octubre 25, 2025, 18:00",Validado,21,acreditadorfruta@gmail.com
25.10 | Garden Sunset ROCIO PORTILLO | Pre Veda en Fruta,7160,"sábado, octubre 25, 2025, 19:00",Validado,24,acreditadorfruta@gmail.com
"2GTHR pres: SGALIA, RAMIRO RAGUCCI, GALLIA b2b LOU ANZ @Morocco, Viernes 24/10",7215,"sábado, enero 1, 2000, 01:00",No Ingresado,"4,699",
"2GTHR pres: SGALIA, RAMIRO RAGUCCI, GALLIA b2b LOU ANZ @Morocco, Viernes 24/10",7215,"sábado, octubre 25, 2025, 00:00",Validado,80,2gthr-qr@venti.la
"2GTHR pres: SGALIA, RAMIRO RAGUCCI, GALLIA b2b LOU ANZ @Morocco, Viernes 24/10",7215,"sábado, octubre 25, 2025, 01:00",Validado,297,2gthr-qr@venti.la
"2GTHR pres: SGALIA, RAMIRO RAGUCCI, GALLIA b2b LOU ANZ @Morocco, Viernes 24/10",7215,"sábado, octubre 25, 2025, 02:00",Validado,186,2gthr-qr@venti.la
"2GTHR pres: SGALIA, RAMIRO RAGUCCI, GALLIA b2b LOU ANZ @Morocco, Viernes 24/10",7215,"sábado, octubre 25, 2025, 03:00",Validado,30,2gthr-qr@venti.la
999 PRESENTA : ALL NIGHT FATAL,6797,"sábado, enero 1, 2000, 01:00",No Ingresado,48,
999 PRESENTA : ALL NIGHT FATAL,6797,"sábado, octubre 25, 2025, 00:00",Validado,134,macs@somostag.net
999 PRESENTA : ALL NIGHT FATAL,6797,"sábado, octubre 25, 2025, 01:00",Validado,308,macs@somostag.net
999 PRESENTA : ALL NIGHT FATAL,6797,"sábado, octubre 25, 2025, 02:00",Validado,100,macs@somostag.net
999 PRESENTA : ALL NIGHT FATAL,6797,"sábado, octubre 25, 2025, 03:00",Validado,2,macs@somostag.net
999 PRESENTA : ALL NIGHT FATAL,6797,"domingo, octubre 26, 2025, 22:00",Validado,2,macs@somostag.net
Atardeceres del Vino - La Finquita 1920 - 25/10,5786,"sábado, enero 1, 2000, 01:00",No Ingresado,59,
Atardeceres del Vino - La Finquita 1920 - 25/10,5786,"viernes, octubre 24, 2025, 20:00",Validado,8,faith.mza1@gmail.com
Atardeceres del Vino - La Finquita 1920 - 25/10,5786,"sábado, octubre 25, 2025, 17:00",Validado,124,faith.mza1@gmail.com
Atardeceres del Vino - La Finquita 1920 - 25/10,5786,"sábado, octubre 25, 2025, 18:00",Validado,255,faith.mza1@gmail.com
Atardeceres del Vino - La Finquita 1920 - 25/10,5786,"sábado, octubre 25, 2025, 19:00",Validado,271,faith.mza1@gmail.com
Atardeceres del Vino - La Finquita 1920 - 25/10,5786,"sábado, octubre 25, 2025, 20:00",Validado,50,faith.mza1@gmail.com
Atardeceres del Vino - La Finquita 1920 - 25/10,5786,"sábado, octubre 25, 2025, 21:00",Validado,17,faith.mza1@gmail.com
BLACK CREAM SPRING SEASON DOMINGO HITS,7218,"sábado, enero 1, 2000, 01:00",No Ingresado,731,
BLACK CREAM SPRING SEASON DOMINGO HITS,7218,"lunes, octubre 20, 2025, 00:00",Validado,1,estebanestudio@hotmail.com
BLACK CREAM SPRING SEASON DOMINGO HITS,7218,"lunes, octubre 20, 2025, 00:00",Validado,23,nicolasabreguo@gmail.com
BLACK CREAM SPRING SEASON DOMINGO HITS,7218,"lunes, octubre 20, 2025, 01:00",Validado,5,c.aldanas@outlook.com
BLACK CREAM SPRING SEASON DOMINGO HITS,7218,"lunes, octubre 20, 2025, 01:00",Validado,32,estebanestudio@hotmail.com
BLACK CREAM SPRING SEASON DOMINGO HITS,7218,"lunes, octubre 20, 2025, 01:00",Validado,271,nicolasabreguo@gmail.com
BLACK CREAM SPRING SEASON DOMINGO HITS,7218,"lunes, octubre 20, 2025, 02:00",Validado,34,estebanestudio@hotmail.com
BLACK CREAM SPRING SEASON DOMINGO HITS,7218,"lunes, octubre 20, 2025, 02:00",Validado,43,nicolasabreguo@gmail.com
BLACK CREAM SPRING SEASON DOMINGO HITS,7218,"lunes, octubre 20, 2025, 02:00",Validado,74,c.aldanas@outlook.com
BLACK CREAM SPRING SEASON DOMINGO HITS,7218,"lunes, octubre 20, 2025, 03:00",Validado,1,estebanestudio@hotmail.com
BLACK CREAM SPRING SEASON DOMINGO HITS,7218,"lunes, octubre 20, 2025, 03:00",Validado,16,c.aldanas@outlook.com
BLACK CREAM SPRING SEASON DOMINGO HITS,7218,"domingo, octubre 26, 2025, 20:00",Validado,1,nicolasabreguo@gmail.com
BLACK CREAM SPRING SEASON JUEVES DE PERREO,7232,"sábado, enero 1, 2000, 01:00",No Ingresado,805,
BLACK CREAM SPRING SEASON JUEVES DE PERREO,7232,"viernes, octubre 24, 2025, 00:00",Validado,2,gigenata@gmail.com
BLACK CREAM SPRING SEASON JUEVES DE PERREO,7232,"viernes, octubre 24, 2025, 01:00",Validado,38,c.aldanas@outlook.com
BLACK CREAM SPRING SEASON JUEVES DE PERREO,7232,"viernes, octubre 24, 2025, 01:00",Validado,220,gigenata@gmail.com
BLACK CREAM SPRING SEASON JUEVES DE PERREO,7232,"viernes, octubre 24, 2025, 02:00",Validado,28,estebanestudio@hotmail.com
BLACK CREAM SPRING SEASON JUEVES DE PERREO,7232,"viernes, octubre 24, 2025, 02:00",Validado,28,gigenata@gmail.com
BLACK CREAM SPRING SEASON JUEVES DE PERREO,7232,"viernes, octubre 24, 2025, 02:00",Validado,88,c.aldanas@outlook.com
BLACK CREAM SPRING SEASON JUEVES DE PERREO,7232,"viernes, octubre 24, 2025, 03:00",Validado,20,c.aldanas@outlook.com
BLACK CREAM SPRING SEASON JUEVES DE PERREO,7232,"viernes, octubre 24, 2025, 11:00",Validado,2,gigenata@gmail.com
BLACK JAGGER VIERNES 24 DE OCTUBRE | ,7103,"sábado, enero 1, 2000, 01:00",No Ingresado,157,
BLACK JAGGER VIERNES 24 DE OCTUBRE | ,7103,"viernes, octubre 24, 2025, 23:00",Validado,2,gimenamilagros22@gmail.com
BLACK JAGGER VIERNES 24 DE OCTUBRE | ,7103,"sábado, octubre 25, 2025, 00:00",Validado,2,santiagobustamante193@gmail.com
BLACK JAGGER VIERNES 24 DE OCTUBRE | ,7103,"sábado, octubre 25, 2025, 00:00",Validado,5,gimenamilagros22@gmail.com
BLACK JAGGER VIERNES 24 DE OCTUBRE | ,7103,"sábado, octubre 25, 2025, 01:00",Validado,15,lorenzojoaquin878@gmail.com
BLACK JAGGER VIERNES 24 DE OCTUBRE | ,7103,"sábado, octubre 25, 2025, 01:00",Validado,36,gimenamilagros22@gmail.com
BLACK JAGGER VIERNES 24 DE OCTUBRE | ,7103,"sábado, octubre 25, 2025, 01:00",Validado,37,santiagobustamante193@gmail.com
BLACK JAGGER VIERNES 24 DE OCTUBRE | ,7103,"sábado, octubre 25, 2025, 01:00",Validado,38,luciaheron17@gmail.com
BLACK JAGGER VIERNES 24 DE OCTUBRE | ,7103,"sábado, octubre 25, 2025, 01:00",Validado,42,lorenzojulian159@gmail.com
BLACK JAGGER VIERNES 24 DE OCTUBRE | ,7103,"sábado, octubre 25, 2025, 02:00",Validado,2,santiagobustamante193@gmail.com
BLACK JAGGER VIERNES 24 DE OCTUBRE | ,7103,"sábado, octubre 25, 2025, 02:00",Validado,3,lorenzojulian159@gmail.com
BLACK JAGGER VIERNES 24 DE OCTUBRE | ,7103,"sábado, octubre 25, 2025, 02:00",Validado,10,gimenamilagros22@gmail.com
BLACK JAGGER VIERNES 24 DE OCTUBRE | ,7103,"sábado, octubre 25, 2025, 02:00",Validado,13,luciaheron17@gmail.com
BLACK JAGGER VIERNES 24 DE OCTUBRE | ,7103,"sábado, octubre 25, 2025, 04:00",Validado,1,lorenzojulian159@gmail.com
BOSCO SUNSET VIERNES 24/10,6812,"sábado, enero 1, 2000, 01:00",No Ingresado,8,
BumBoomBox - Dj Nico Cota & Dj Casablanca @ Shamrock Basement,7101,"sábado, enero 1, 2000, 01:00",No Ingresado,2,
BumBoomBox - Dj Nico Cota & Dj Casablanca @ Shamrock Basement,7101,"sábado, octubre 25, 2025, 00:00",Validado,5,shamrock@venti.com
BumBoomBox - Dj Nico Cota & Dj Casablanca @ Shamrock Basement,7101,"sábado, octubre 25, 2025, 01:00",Validado,12,shamrock@venti.com
CLIENTES SUNSET 24/10,7251,"sábado, enero 1, 2000, 01:00",No Ingresado,194,
CLIENTES SUNSET 24/10,7251,"viernes, octubre 24, 2025, 19:00",Validado,20,validadoreselroble@venti.la
CLIENTES SUNSET 24/10,7251,"viernes, octubre 24, 2025, 20:00",Validado,37,validadoreselroble@venti.la
CLIENTES SUNSET 24/10,7251,"viernes, octubre 24, 2025, 21:00",Validado,106,validadoreselroble@venti.la
CLIENTES SUNSET 24/10,7251,"viernes, octubre 24, 2025, 22:00",Validado,114,validadoreselroble@venti.la
CLIENTES SUNSET 24/10,7251,"viernes, octubre 24, 2025, 23:00",Validado,13,validadoreselroble@venti.la
CLUB QUBA | JUEVES 23.10,7247,"sábado, enero 1, 2000, 01:00",No Ingresado,"1,023",
CLUB QUBA | JUEVES 23.10,7247,"jueves, octubre 23, 2025, 22:00",Validado,10,Quba-validador@venti.la
CLUB QUBA | JUEVES 23.10,7247,"jueves, octubre 23, 2025, 23:00",Validado,189,Quba-validador@venti.la
CLUB QUBA | JUEVES 23.10,7247,"viernes, octubre 24, 2025, 00:00",Validado,64,Quba-validador@venti.la
CLUB QUBA | JUEVES 23.10,7247,"viernes, octubre 24, 2025, 01:00",Validado,60,Quba-validador@venti.la
CLUB QUBA | JUEVES 23.10,7247,"viernes, octubre 24, 2025, 02:00",Validado,14,Quba-validador@venti.la
Collage meets Yoyaku @ Casa Futuro,7056,"sábado, enero 1, 2000, 01:00",No Ingresado,691,
Collage meets Yoyaku @ Casa Futuro,7056,"viernes, octubre 24, 2025, 22:00",Validado,1,gerschmanjoel@gmail.com
Collage meets Yoyaku @ Casa Futuro,7056,"viernes, octubre 24, 2025, 23:00",Validado,2,danibusto13.29@gmail.com
Collage meets Yoyaku @ Casa Futuro,7056,"viernes, octubre 24, 2025, 23:00",Validado,9,milenasalman24@gmail.com
Collage meets Yoyaku @ Casa Futuro,7056,"viernes, octubre 24, 2025, 23:00",Validado,10,mariaflorenciaflor8@gmail.com
Collage meets Yoyaku @ Casa Futuro,7056,"viernes, octubre 24, 2025, 23:00",Validado,38,gerschmanjoel@gmail.com
Collage meets Yoyaku @ Casa Futuro,7056,"sábado, octubre 25, 2025, 00:00",Validado,26,danibusto13.29@gmail.com
Collage meets Yoyaku @ Casa Futuro,7056,"sábado, octubre 25, 2025, 00:00",Validado,67,milenasalman24@gmail.com
Collage meets Yoyaku @ Casa Futuro,7056,"sábado, octubre 25, 2025, 00:00",Validado,81,gerschmanjoel@gmail.com
Collage meets Yoyaku @ Casa Futuro,7056,"sábado, octubre 25, 2025, 00:00",Validado,108,mariaflorenciaflor8@gmail.com
Collage meets Yoyaku @ Casa Futuro,7056,"sábado, octubre 25, 2025, 01:00",Validado,96,danibusto13.29@gmail.com
Collage meets Yoyaku @ Casa Futuro,7056,"sábado, octubre 25, 2025, 01:00",Validado,174,gerschmanjoel@gmail.com
Collage meets Yoyaku @ Casa Futuro,7056,"sábado, octubre 25, 2025, 01:00",Validado,188,mariaflorenciaflor8@gmail.com
Collage meets Yoyaku @ Casa Futuro,7056,"sábado, octubre 25, 2025, 01:00",Validado,205,milenasalman24@gmail.com
Collage meets Yoyaku @ Casa Futuro,7056,"sábado, octubre 25, 2025, 02:00",Validado,27,milenasalman24@gmail.com
Collage meets Yoyaku @ Casa Futuro,7056,"sábado, octubre 25, 2025, 02:00",Validado,34,danibusto13.29@gmail.com
Collage meets Yoyaku @ Casa Futuro,7056,"sábado, octubre 25, 2025, 02:00",Validado,41,gerschmanjoel@gmail.com
Collage meets Yoyaku @ Casa Futuro,7056,"sábado, octubre 25, 2025, 02:00",Validado,67,mariaflorenciaflor8@gmail.com
Collage meets Yoyaku @ Casa Futuro,7056,"sábado, octubre 25, 2025, 03:00",Validado,1,milenasalman24@gmail.com
Collage meets Yoyaku @ Casa Futuro,7056,"sábado, octubre 25, 2025, 03:00",Validado,2,gerschmanjoel@gmail.com
Collage meets Yoyaku @ Casa Futuro,7056,"sábado, octubre 25, 2025, 03:00",Validado,3,mariaflorenciaflor8@gmail.com
Collage meets Yoyaku @ Casa Futuro,7056,"sábado, octubre 25, 2025, 03:00",Validado,5,danibusto13.29@gmail.com
Collage meets Yoyaku @ Casa Futuro,7056,"domingo, octubre 26, 2025, 15:00",Validado,1,danibusto13.29@gmail.com
Collage meets Yoyaku @ Casa Futuro,7056,"domingo, octubre 26, 2025, 15:00",Validado,2,mariaflorenciaflor8@gmail.com
Collage meets Yoyaku @ Casa Futuro,7056,"domingo, octubre 26, 2025, 15:00",Validado,4,gerschmanjoel@gmail.com
DATA LOCAL | MILI MACHADO + LLD,7166,"sábado, enero 1, 2000, 01:00",No Ingresado,136,
DATA LOCAL | MILI MACHADO + LLD,7166,"jueves, octubre 23, 2025, 20:00",Validado,19,hola.somos.bela@gmail.com
DATA LOCAL | MILI MACHADO + LLD,7166,"jueves, octubre 23, 2025, 21:00",Validado,70,hola.somos.bela@gmail.com
DATA LOCAL | MILI MACHADO + LLD,7166,"jueves, octubre 23, 2025, 22:00",Validado,25,hola.somos.bela@gmail.com
DATA LOCAL | MILI MACHADO + LLD,7166,"jueves, octubre 23, 2025, 23:00",Validado,1,hola.somos.bela@gmail.com
DR FEST,7064,"sábado, enero 1, 2000, 01:00",No Ingresado,25,
DR FEST,7064,"sábado, octubre 25, 2025, 01:00",Validado,31,medusa@venti.la
DR FEST,7064,"sábado, octubre 25, 2025, 02:00",Validado,105,medusa@venti.la
DR FEST,7064,"sábado, octubre 25, 2025, 03:00",Validado,39,medusa@venti.la
DR FEST,7064,"sábado, octubre 25, 2025, 04:00",Validado,1,medusa@venti.la
"Dune Park Legacy Vol. VIII: DJ Tool (DK), Gina De Marchi & Sociedad Anónima",7003,"sábado, enero 1, 2000, 01:00",No Ingresado,55,
"Dune Park Legacy Vol. VIII: DJ Tool (DK), Gina De Marchi & Sociedad Anónima",7003,"viernes, octubre 24, 2025, 23:00",Validado,7,duneparkclub@gmail.com
"Dune Park Legacy Vol. VIII: DJ Tool (DK), Gina De Marchi & Sociedad Anónima",7003,"sábado, octubre 25, 2025, 00:00",Validado,37,duneparkclub@gmail.com
"Dune Park Legacy Vol. VIII: DJ Tool (DK), Gina De Marchi & Sociedad Anónima",7003,"sábado, octubre 25, 2025, 01:00",Validado,73,duneparkclub@gmail.com
"Dune Park Legacy Vol. VIII: DJ Tool (DK), Gina De Marchi & Sociedad Anónima",7003,"sábado, octubre 25, 2025, 02:00",Validado,41,duneparkclub@gmail.com
"Dune Park Legacy Vol. VIII: DJ Tool (DK), Gina De Marchi & Sociedad Anónima",7003,"sábado, octubre 25, 2025, 03:00",Validado,4,duneparkclub@gmail.com
ESSENCE x BALI | 24.10.,7096,"sábado, enero 1, 2000, 01:00",No Ingresado,151,
ESSENCE x BALI | 24.10.,7096,"sábado, octubre 25, 2025, 01:00",Validado,22,fran.magni92@gmail.com
ESSENCE x BALI | 24.10.,7096,"sábado, octubre 25, 2025, 02:00",Validado,21,fran.magni92@gmail.com
ESSENCE x BALI | 24.10.,7096,"sábado, octubre 25, 2025, 03:00",Validado,2,fran.magni92@gmail.com
ESSENCE x BALI | 24.10.,7096,"sábado, octubre 25, 2025, 04:00",Validado,10,fran.magni92@gmail.com
ESSENCE x BALI | 24.10.,7096,"sábado, octubre 25, 2025, 06:00",Validado,40,fran.magni92@gmail.com
EXPERIENCIA DATA JAZZ 22.10,7221,"sábado, enero 1, 2000, 01:00",No Ingresado,176,
Festival en Casa,6937,"sábado, enero 1, 2000, 01:00",No Ingresado,116,
Festival en Casa,6937,"sábado, octubre 25, 2025, 15:00",Validado,16,matiasmarchesiusai@gmail.com
Festival en Casa,6937,"sábado, octubre 25, 2025, 16:00",Validado,26,matiasmarchesiusai@gmail.com
Festival en Casa,6937,"sábado, octubre 25, 2025, 17:00",Validado,38,matiasmarchesiusai@gmail.com
Festival en Casa,6937,"sábado, octubre 25, 2025, 18:00",Validado,49,matiasmarchesiusai@gmail.com
Festival en Casa,6937,"sábado, octubre 25, 2025, 19:00",Validado,33,matiasmarchesiusai@gmail.com
Festival en Casa,6937,"sábado, octubre 25, 2025, 20:00",Validado,14,matiasmarchesiusai@gmail.com
Festival en Casa,6937,"sábado, octubre 25, 2025, 21:00",Validado,1,matiasmarchesiusai@gmail.com
Festival en Casa,6937,"sábado, octubre 25, 2025, 22:00",Validado,1,matiasmarchesiusai@gmail.com
FIEDEL | MARIANO DC ,6852,"sábado, enero 1, 2000, 01:00",No Ingresado,991,
FIEDEL | MARIANO DC ,6852,"sábado, octubre 25, 2025, 18:00",Validado,118,under-qr
FIEDEL | MARIANO DC ,6852,"sábado, octubre 25, 2025, 19:00",Validado,32,under-qr
FIEDEL | MARIANO DC ,6852,"sábado, octubre 25, 2025, 20:00",Validado,38,under-qr
FIEDEL | MARIANO DC ,6852,"sábado, octubre 25, 2025, 21:00",Validado,30,under-qr
FIEDEL | MARIANO DC ,6852,"sábado, octubre 25, 2025, 22:00",Validado,7,under-qr
FIESTA DE DÍA CON MATIAS AGUAYO 25/10 @BELA,6995,"sábado, enero 1, 2000, 01:00",No Ingresado,286,
FIESTA DE DÍA CON MATIAS AGUAYO 25/10 @BELA,6995,"sábado, octubre 25, 2025, 13:00",Validado,2,hola.somos.bela@gmail.com
FIESTA DE DÍA CON MATIAS AGUAYO 25/10 @BELA,6995,"sábado, octubre 25, 2025, 14:00",Validado,14,hola.somos.bela@gmail.com
FIESTA DE DÍA CON MATIAS AGUAYO 25/10 @BELA,6995,"sábado, octubre 25, 2025, 15:00",Validado,14,hola.somos.bela@gmail.com
FIESTA DE DÍA CON MATIAS AGUAYO 25/10 @BELA,6995,"sábado, octubre 25, 2025, 16:00",Validado,13,hola.somos.bela@gmail.com
FIESTA DE DÍA CON MATIAS AGUAYO 25/10 @BELA,6995,"sábado, octubre 25, 2025, 17:00",Validado,2,hola.somos.bela@gmail.com
FIESTA DE DÍA CON MATIAS AGUAYO 25/10 @BELA,6995,"sábado, octubre 25, 2025, 18:00",Validado,4,hola.somos.bela@gmail.com
HOUSEPARTY x INDIEBEATS,7248,"sábado, enero 1, 2000, 01:00",No Ingresado,128,
HOUSEPARTY x INDIEBEATS,7248,"jueves, octubre 23, 2025, 23:00",Validado,7,hola.somos.bela@gmail.com
HOUSEPARTY x INDIEBEATS,7248,"viernes, octubre 24, 2025, 00:00",Validado,32,hola.somos.bela@gmail.com
HOUSEPARTY x INDIEBEATS,7248,"viernes, octubre 24, 2025, 01:00",Validado,4,hola.somos.bela@gmail.com
HOUSEPARTY x INDIEBEATS,7248,"viernes, octubre 24, 2025, 02:00",Validado,4,hola.somos.bela@gmail.com
"KLAV: MARIE DAVIDSON, MATHEW JONSON, MATÍAS AGUAYO",5962,"sábado, enero 1, 2000, 01:00",No Ingresado,107,
"KLAV: MARIE DAVIDSON, MATHEW JONSON, MATÍAS AGUAYO",5962,"sábado, octubre 25, 2025, 00:00",Validado,2,validador@deseo.com
"KLAV: MARIE DAVIDSON, MATHEW JONSON, MATÍAS AGUAYO",5962,"sábado, octubre 25, 2025, 00:00",Validado,44,mili.herlin1@gmail.com
"KLAV: MARIE DAVIDSON, MATHEW JONSON, MATÍAS AGUAYO",5962,"sábado, octubre 25, 2025, 00:00",Validado,55,calandrom21@gmail.com
"KLAV: MARIE DAVIDSON, MATHEW JONSON, MATÍAS AGUAYO",5962,"sábado, octubre 25, 2025, 01:00",Validado,129,mili.herlin1@gmail.com
"KLAV: MARIE DAVIDSON, MATHEW JONSON, MATÍAS AGUAYO",5962,"sábado, octubre 25, 2025, 01:00",Validado,196,calandrom21@gmail.com
"KLAV: MARIE DAVIDSON, MATHEW JONSON, MATÍAS AGUAYO",5962,"sábado, octubre 25, 2025, 02:00",Validado,35,mili.herlin1@gmail.com
"KLAV: MARIE DAVIDSON, MATHEW JONSON, MATÍAS AGUAYO",5962,"sábado, octubre 25, 2025, 02:00",Validado,69,calandrom21@gmail.com
"KLAV: MARIE DAVIDSON, MATHEW JONSON, MATÍAS AGUAYO",5962,"sábado, octubre 25, 2025, 03:00",Validado,6,mili.herlin1@gmail.com
"KLAV: MARIE DAVIDSON, MATHEW JONSON, MATÍAS AGUAYO",5962,"sábado, octubre 25, 2025, 03:00",Validado,13,calandrom21@gmail.com
La Paranoli 24/10 en el Hipódromo de San Isidro,7228,"sábado, enero 1, 2000, 01:00",No Ingresado,226,
La Paranoli 24/10 en el Hipódromo de San Isidro,7228,"viernes, octubre 24, 2025, 22:00",Validado,34,
La Paranoli 24/10 en el Hipódromo de San Isidro,7228,"viernes, octubre 24, 2025, 23:00",Validado,332,
La Paranoli 24/10 en el Hipódromo de San Isidro,7228,"sábado, octubre 25, 2025, 00:00",Validado,633,
La Paranoli 24/10 en el Hipódromo de San Isidro,7228,"sábado, octubre 25, 2025, 01:00",Validado,166,
MAR MONZON @ CRIB Just House,7074,"sábado, enero 1, 2000, 01:00",No Ingresado,195,
MAR MONZON @ CRIB Just House,7074,"sábado, octubre 25, 2025, 01:00",Validado,16,administrador@crib-agency.com
MAR MONZON @ CRIB Just House,7074,"sábado, octubre 25, 2025, 02:00",Validado,2,administrador@crib-agency.com
MAR MONZON @ CRIB Just House,7074,"sábado, octubre 25, 2025, 03:00",Validado,11,administrador@crib-agency.com
MAR MONZON @ CRIB Just House,7074,"sábado, octubre 25, 2025, 04:00",Validado,2,administrador@crib-agency.com
MAR MONZON @ CRIB Just House,7074,"sábado, octubre 25, 2025, 05:00",Validado,5,administrador@crib-agency.com
"MESAS - 2GTHR pres: SGALIA, RAMIRO RAGUCCI, GALLIA b2b LOU ANZ @Morocco, Viernes 24/10",7244,"sábado, enero 1, 2000, 01:00",No Ingresado,3,
Nomads Partaaay! - VIERNES 24.10,7258,"sábado, enero 1, 2000, 01:00",No Ingresado,34,
Nomads Partaaay! - VIERNES 24.10,7258,"sábado, octubre 25, 2025, 02:00",Validado,6,Bruunoo.-@hotmail.com
NOTWELCOME PRESENTS VALDOVINOS,7224,"sábado, enero 1, 2000, 01:00",No Ingresado,"1,135",
NOTWELCOME PRESENTS VALDOVINOS,7224,"viernes, octubre 24, 2025, 00:00",Validado,87,eventosadmjet1@gmail.com
NOTWELCOME PRESENTS VALDOVINOS,7224,"viernes, octubre 24, 2025, 01:00",Validado,206,eventosadmjet1@gmail.com
NOTWELCOME PRESENTS VALDOVINOS,7224,"viernes, octubre 24, 2025, 02:00",Validado,26,eventosadmjet1@gmail.com
"ORZEN by Chana : FERNANDO FERREYRA  | GERY ,  Viernes 24 de Octubre",6979,"sábado, enero 1, 2000, 01:00",No Ingresado,"1,102",
"ORZEN by Chana : FERNANDO FERREYRA  | GERY ,  Viernes 24 de Octubre",6979,"viernes, octubre 24, 2025, 23:00",Validado,8,rafaeln262@gmail.com
"ORZEN by Chana : FERNANDO FERREYRA  | GERY ,  Viernes 24 de Octubre",6979,"sábado, octubre 25, 2025, 00:00",Validado,39,rafaeln262@gmail.com
"ORZEN by Chana : FERNANDO FERREYRA  | GERY ,  Viernes 24 de Octubre",6979,"sábado, octubre 25, 2025, 01:00",Validado,14,rafaeln262@gmail.com
PRANA; STJEPANEK; ZAGITAR @ LA FABRICA,6541,"sábado, enero 1, 2000, 01:00",No Ingresado,94,
PRANA; STJEPANEK; ZAGITAR @ LA FABRICA,6541,"sábado, octubre 25, 2025, 00:00",Validado,27,ambrosagustin@outlook.com
PRANA; STJEPANEK; ZAGITAR @ LA FABRICA,6541,"sábado, octubre 25, 2025, 01:00",Validado,15,ambrosagustin@gmail.com
PRANA; STJEPANEK; ZAGITAR @ LA FABRICA,6541,"sábado, octubre 25, 2025, 01:00",Validado,21,rojo_ignacio@hotmail.com
PRANA; STJEPANEK; ZAGITAR @ LA FABRICA,6541,"sábado, octubre 25, 2025, 01:00",Validado,65,ambrosagustin@outlook.com
PRANA; STJEPANEK; ZAGITAR @ LA FABRICA,6541,"sábado, octubre 25, 2025, 02:00",Validado,26,ambrosagustin@gmail.com
PRANA; STJEPANEK; ZAGITAR @ LA FABRICA,6541,"sábado, octubre 25, 2025, 02:00",Validado,103,ambrosagustin@outlook.com
PRANA; STJEPANEK; ZAGITAR @ LA FABRICA,6541,"sábado, octubre 25, 2025, 03:00",Validado,4,ambrosagustin@gmail.com
PUEBLO LIMITE | VIERNES 24/10 | EL RODRI 🎤🔥,6970,"sábado, enero 1, 2000, 01:00",No Ingresado,715,
PUEBLO LIMITE | VIERNES 24/10 | EL RODRI 🎤🔥,6970,"sábado, octubre 25, 2025, 00:00",Validado,17,Pueblo@validar.com
PUEBLO LIMITE | VIERNES 24/10 | EL RODRI 🎤🔥,6970,"sábado, octubre 25, 2025, 01:00",Validado,97,Pueblo@validar.com
PULSE Pres. NONCITIZENS - JET BA - SUNSET SATURDAY 25/10,6983,"sábado, enero 1, 2000, 01:00",No Ingresado,"1,376",
PULSE Pres. NONCITIZENS - JET BA - SUNSET SATURDAY 25/10,6983,"sábado, octubre 25, 2025, 18:00",Validado,30,nahuelcortes.ft@gmail.com
PULSE Pres. NONCITIZENS - JET BA - SUNSET SATURDAY 25/10,6983,"sábado, octubre 25, 2025, 19:00",Validado,308,nahuelcortes.ft@gmail.com
PULSE Pres. NONCITIZENS - JET BA - SUNSET SATURDAY 25/10,6983,"sábado, octubre 25, 2025, 20:00",Validado,126,nahuelcortes.ft@gmail.com
PULSE Pres. NONCITIZENS - JET BA - SUNSET SATURDAY 25/10,6983,"sábado, octubre 25, 2025, 21:00",Validado,60,nahuelcortes.ft@gmail.com
"Scorpia 2do Aniversario: La Lauri Fire, Mia y Robidú en Bela",7213,"sábado, enero 1, 2000, 01:00",No Ingresado,187,
"Scorpia 2do Aniversario: La Lauri Fire, Mia y Robidú en Bela",7213,"viernes, octubre 24, 2025, 21:00",Validado,62,bela@validador.com
"Scorpia 2do Aniversario: La Lauri Fire, Mia y Robidú en Bela",7213,"viernes, octubre 24, 2025, 22:00",Validado,12,bela@validador.com
"Scorpia 2do Aniversario: La Lauri Fire, Mia y Robidú en Bela",7213,"viernes, octubre 24, 2025, 23:00",Validado,1,bela@validador.com
SUNSET EL ROBLE 24-10,7077,"sábado, enero 1, 2000, 01:00",No Ingresado,24,
SUNSET EL ROBLE 24-10,7077,"viernes, octubre 24, 2025, 19:00",Validado,7,validadoreselroble@venti.la
SUNSET EL ROBLE 24-10,7077,"viernes, octubre 24, 2025, 20:00",Validado,22,validadoreselroble@venti.la
SUNSET EL ROBLE 24-10,7077,"viernes, octubre 24, 2025, 21:00",Validado,130,validadoreselroble@venti.la
SUNSET EL ROBLE 24-10,7077,"viernes, octubre 24, 2025, 22:00",Validado,132,validadoreselroble@venti.la
SUNSET EL ROBLE 24-10,7077,"viernes, octubre 24, 2025, 23:00",Validado,21,validadoreselroble@venti.la
TCQ BAR CULTURAL  24/10 New Experience,7008,"sábado, enero 1, 2000, 01:00",No Ingresado,73,
TCQ BAR CULTURAL  24/10 New Experience,7008,"sábado, octubre 25, 2025, 01:00",Validado,2,manager.tcq@gmail.com
TCQ BAR CULTURAL  24/10 New Experience,7008,"sábado, octubre 25, 2025, 02:00",Validado,1,manager.tcq@gmail.com
VIERNES 24.10 | ANANÁ OLD SCHOOL | Fruta,7243,"sábado, enero 1, 2000, 01:00",No Ingresado,"5,057",
VIERNES 24.10 | ANANÁ OLD SCHOOL | Fruta,7243,"sábado, octubre 25, 2025, 00:00",Validado,3,acreditadorfruta@gmail.com
VIERNES 24.10 | ANANÁ OLD SCHOOL | Fruta,7243,"sábado, octubre 25, 2025, 01:00",Validado,2,acreditadorfruta@gmail.com
VIERNES 24.10 | ANANÁ OLD SCHOOL | Fruta,7243,"sábado, octubre 25, 2025, 02:00",Validado,13,acreditadorfruta@gmail.com
VIERNES 24.10 | ANANÁ OLD SCHOOL | Fruta,7243,"sábado, octubre 25, 2025, 03:00",Validado,3,acreditadorfruta@gmail.com
VIERNES PRE VEDA x ARZ ,7016,"sábado, enero 1, 2000, 01:00",No Ingresado,800,
VIERNES PRE VEDA x ARZ ,7016,"sábado, octubre 25, 2025, 01:00",Validado,128,Bruunoo.-@hotmail.com
VIERNES PRE VEDA x ARZ ,7016,"sábado, octubre 25, 2025, 02:00",Validado,92,Bruunoo.-@hotmail.com
VIERNES PRE VEDA x ARZ ,7016,"sábado, octubre 25, 2025, 03:00",Validado,1,Bruunoo.-@hotmail.com
VIERNES PRE VEDA x ARZ ,7016,"sábado, octubre 25, 2025, 03:00",Validado,4,lucho.deciervo@gmail.com
