Event Name,TEMP ID,TEMP Validation Time,Status,Total Validado,TEMP Usuarios de Validadores
::: VIERNES 26 de Septiembre :::  Minau radio x Killerdrumz 002,6900,"s치bado, enero 1, 2000, 01:00",No Ingresado,49,
"26.09 | FRUTA SUNSET D칈A 1 ELECTR칍NICA | H칠ctor Couto, Mart칤n Huergo & more. ",6565,"s치bado, enero 1, 2000, 01:00",No Ingresado,304,
"26.09 | FRUTA SUNSET D칈A 1 ELECTR칍NICA | H칠ctor Couto, Mart칤n Huergo & more. ",6565,"viernes, septiembre 26, 2025, 17:00",Validado,1,vietticpublicidad@gmail.com
"26.09 | FRUTA SUNSET D칈A 1 ELECTR칍NICA | H칠ctor Couto, Mart칤n Huergo & more. ",6565,"viernes, septiembre 26, 2025, 17:00",Validado,4,acreditadorfruta@gmail.com
"26.09 | FRUTA SUNSET D칈A 1 ELECTR칍NICA | H칠ctor Couto, Mart칤n Huergo & more. ",6565,"viernes, septiembre 26, 2025, 18:00",Validado,3,vietticpublicidad@gmail.com
"26.09 | FRUTA SUNSET D칈A 1 ELECTR칍NICA | H칠ctor Couto, Mart칤n Huergo & more. ",6565,"viernes, septiembre 26, 2025, 18:00",Validado,118,acreditadorfruta@gmail.com
"26.09 | FRUTA SUNSET D칈A 1 ELECTR칍NICA | H칠ctor Couto, Mart칤n Huergo & more. ",6565,"viernes, septiembre 26, 2025, 19:00",Validado,105,vietticpublicidad@gmail.com
"26.09 | FRUTA SUNSET D칈A 1 ELECTR칍NICA | H칠ctor Couto, Mart칤n Huergo & more. ",6565,"viernes, septiembre 26, 2025, 19:00",Validado,207,acreditadorfruta@gmail.com
"26.09 | FRUTA SUNSET D칈A 1 ELECTR칍NICA | H칠ctor Couto, Mart칤n Huergo & more. ",6565,"viernes, septiembre 26, 2025, 20:00",Validado,56,vietticpublicidad@gmail.com
"26.09 | FRUTA SUNSET D칈A 1 ELECTR칍NICA | H칠ctor Couto, Mart칤n Huergo & more. ",6565,"viernes, septiembre 26, 2025, 20:00",Validado,139,acreditadorfruta@gmail.com
"26.09 | FRUTA SUNSET D칈A 1 ELECTR칍NICA | H칠ctor Couto, Mart칤n Huergo & more. ",6565,"viernes, septiembre 26, 2025, 21:00",Validado,14,vietticpublicidad@gmail.com
"26.09 | FRUTA SUNSET D칈A 1 ELECTR칍NICA | H칠ctor Couto, Mart칤n Huergo & more. ",6565,"viernes, septiembre 26, 2025, 21:00",Validado,22,acreditadorfruta@gmail.com
"26.09 | FRUTA SUNSET D칈A 1 ELECTR칍NICA | H칠ctor Couto, Mart칤n Huergo & more. ",6565,"viernes, septiembre 26, 2025, 23:00",Validado,9,vietticpublicidad@gmail.com
"26.09 | FRUTA SUNSET D칈A 1 ELECTR칍NICA | H칠ctor Couto, Mart칤n Huergo & more. ",6565,"s치bado, septiembre 27, 2025, 00:00",Validado,1,acreditadorfruta@gmail.com
"26.09 | FRUTA SUNSET D칈A 1 ELECTR칍NICA | H칠ctor Couto, Mart칤n Huergo & more. ",6565,"s치bado, septiembre 27, 2025, 01:00",Validado,2,acreditadorfruta@gmail.com
"26.09 | FRUTA SUNSET D칈A 1 ELECTR칍NICA | H칠ctor Couto, Mart칤n Huergo & more. ",6565,"s치bado, septiembre 27, 2025, 01:00",Validado,2,vietticpublicidad@gmail.com
"26.09 | FRUTA SUNSET D칈A 1 ELECTR칍NICA | H칠ctor Couto, Mart칤n Huergo & more. ",6565,"s치bado, septiembre 27, 2025, 02:00",Validado,3,vietticpublicidad@gmail.com
"26.09 | FRUTA SUNSET D칈A 1 ELECTR칍NICA | H칠ctor Couto, Mart칤n Huergo & more. ",6565,"domingo, septiembre 28, 2025, 22:00",Validado,1,vietticpublicidad@gmail.com
26.09 | POST FRUTA SUNSET DIA 1 ELECTRONICA| Fruta,6880,"s치bado, enero 1, 2000, 01:00",No Ingresado,74,
26.09 | POST FRUTA SUNSET DIA 1 ELECTRONICA| Fruta,6880,"viernes, septiembre 26, 2025, 23:00",Validado,2,vietticpublicidad@gmail.com
26.09 | POST FRUTA SUNSET DIA 1 ELECTRONICA| Fruta,6880,"s치bado, septiembre 27, 2025, 00:00",Validado,10,vietticpublicidad@gmail.com
26.09 | POST FRUTA SUNSET DIA 1 ELECTRONICA| Fruta,6880,"s치bado, septiembre 27, 2025, 01:00",Validado,12,vietticpublicidad@gmail.com
26.09 | POST FRUTA SUNSET DIA 1 ELECTRONICA| Fruta,6880,"s치bado, septiembre 27, 2025, 01:00",Validado,27,acreditadorfruta@gmail.com
26.09 | POST FRUTA SUNSET DIA 1 ELECTRONICA| Fruta,6880,"s치bado, septiembre 27, 2025, 02:00",Validado,1,acreditadorfruta@gmail.com
26.09 | POST FRUTA SUNSET DIA 1 ELECTRONICA| Fruta,6880,"s치bado, septiembre 27, 2025, 02:00",Validado,15,vietticpublicidad@gmail.com
26.09 | POST FRUTA SUNSET DIA 1 ELECTRONICA| Fruta,6880,"s치bado, septiembre 27, 2025, 03:00",Validado,2,vietticpublicidad@gmail.com
26.09 | POST FRUTA SUNSET DIA 1 ELECTRONICA| Fruta,6880,"s치bado, septiembre 27, 2025, 03:00",Validado,5,acreditadorfruta@gmail.com
27.09 | FRUTA SUNSET D칈A 2 - Desakta2 | Cordoba Shopping,6637,"s치bado, enero 1, 2000, 01:00",No Ingresado,196,
27.09 | FRUTA SUNSET D칈A 2 - Desakta2 | Cordoba Shopping,6637,"s치bado, septiembre 27, 2025, 17:00",Validado,115,vietticpublicidad@gmail.com
27.09 | FRUTA SUNSET D칈A 2 - Desakta2 | Cordoba Shopping,6637,"s치bado, septiembre 27, 2025, 18:00",Validado,208,vietticpublicidad@gmail.com
27.09 | FRUTA SUNSET D칈A 2 - Desakta2 | Cordoba Shopping,6637,"s치bado, septiembre 27, 2025, 19:00",Validado,273,vietticpublicidad@gmail.com
27.09 | FRUTA SUNSET D칈A 2 - Desakta2 | Cordoba Shopping,6637,"s치bado, septiembre 27, 2025, 20:00",Validado,156,vietticpublicidad@gmail.com
27.09 | FRUTA SUNSET D칈A 2 - Desakta2 | Cordoba Shopping,6637,"s치bado, septiembre 27, 2025, 21:00",Validado,15,vietticpublicidad@gmail.com
27.09 | FRUTA SUNSET D칈A 2 - Desakta2 | Cordoba Shopping,6637,"s치bado, septiembre 27, 2025, 22:00",Validado,3,vietticpublicidad@gmail.com
27.09 | FRUTA SUNSET D칈A 2 - Desakta2 | Cordoba Shopping,6637,"domingo, septiembre 28, 2025, 22:00",Validado,1,vietticpublicidad@gmail.com
27.09 | POST FRUTA SUNSET DIA 2 ANANA | Cachengue,6923,"s치bado, enero 1, 2000, 01:00",No Ingresado,4,
27.09 | POST FRUTA SUNSET DIA 2 ANANA | Cachengue,6923,"domingo, septiembre 28, 2025, 01:00",Validado,17,vietticpublicidad@gmail.com
27.09 | POST FRUTA SUNSET DIA 2 ANANA | Cachengue,6923,"domingo, septiembre 28, 2025, 02:00",Validado,3,acreditadorfruta@gmail.com
27.09 | POST FRUTA SUNSET DIA 2 ANANA | Cachengue,6923,"domingo, septiembre 28, 2025, 02:00",Validado,35,vietticpublicidad@gmail.com
27.09 | POST FRUTA SUNSET DIA 2 ANANA | Cachengue,6923,"domingo, septiembre 28, 2025, 03:00",Validado,4,acreditadorfruta@gmail.com
28.09 NO SLEEP CLUB ,6694,"s치bado, enero 1, 2000, 01:00",No Ingresado,77,
28.09 NO SLEEP CLUB ,6694,"domingo, septiembre 28, 2025, 06:00",Validado,42,validador@flamaap.com
28.09 NO SLEEP CLUB ,6694,"domingo, septiembre 28, 2025, 07:00",Validado,47,validador@flamaap.com
28.09 NO SLEEP CLUB ,6694,"domingo, septiembre 28, 2025, 08:00",Validado,19,validador@flamaap.com
28.09 NO SLEEP CLUB ,6694,"domingo, septiembre 28, 2025, 09:00",Validado,12,validador@flamaap.com
28.09 NO SLEEP CLUB ,6694,"domingo, septiembre 28, 2025, 10:00",Validado,3,validador@flamaap.com
"2GTHR ft ALMA pres: NACHO BOLOGNANI, FESTA BROS, ASTROBOY @ Morocco. Viernes 26/09",6578,"s치bado, enero 1, 2000, 01:00",No Ingresado,"4,103",
"2GTHR ft ALMA pres: NACHO BOLOGNANI, FESTA BROS, ASTROBOY @ Morocco. Viernes 26/09",6578,"s치bado, septiembre 27, 2025, 00:00",Validado,88,2gthr-qr@venti.la
"2GTHR ft ALMA pres: NACHO BOLOGNANI, FESTA BROS, ASTROBOY @ Morocco. Viernes 26/09",6578,"s치bado, septiembre 27, 2025, 01:00",Validado,279,2gthr-qr@venti.la
"2GTHR ft ALMA pres: NACHO BOLOGNANI, FESTA BROS, ASTROBOY @ Morocco. Viernes 26/09",6578,"s치bado, septiembre 27, 2025, 02:00",Validado,183,2gthr-qr@venti.la
"2GTHR ft ALMA pres: NACHO BOLOGNANI, FESTA BROS, ASTROBOY @ Morocco. Viernes 26/09",6578,"s치bado, septiembre 27, 2025, 03:00",Validado,10,2gthr-qr@venti.la
ABITY @ CRIB,6866,"s치bado, enero 1, 2000, 01:00",No Ingresado,288,
ABITY @ CRIB,6866,"domingo, septiembre 28, 2025, 00:00",Validado,6,administrador@crib-agency.com
ABITY @ CRIB,6866,"domingo, septiembre 28, 2025, 01:00",Validado,13,administrador@crib-agency.com
ABITY @ CRIB,6866,"domingo, septiembre 28, 2025, 02:00",Validado,16,administrador@crib-agency.com
ABITY @ CRIB,6866,"domingo, septiembre 28, 2025, 03:00",Validado,30,administrador@crib-agency.com
ABITY @ CRIB,6866,"domingo, septiembre 28, 2025, 04:00",Validado,23,administrador@crib-agency.com
ABITY @ CRIB,6866,"domingo, septiembre 28, 2025, 05:00",Validado,9,administrador@crib-agency.com
Atardeceres del Vino - La Finquita 1920 - 27/09,5782,"s치bado, enero 1, 2000, 01:00",No Ingresado,135,
Atardeceres del Vino - La Finquita 1920 - 27/09,5782,"s치bado, septiembre 27, 2025, 19:00",Validado,241,faith.mza1@gmail.com
Atardeceres del Vino - La Finquita 1920 - 27/09,5782,"s치bado, septiembre 27, 2025, 20:00",Validado,232,faith.mza1@gmail.com
Atardeceres del Vino - La Finquita 1920 - 27/09,5782,"s치bado, septiembre 27, 2025, 21:00",Validado,163,faith.mza1@gmail.com
Atardeceres del Vino - La Finquita 1920 - 27/09,5782,"s치bado, septiembre 27, 2025, 22:00",Validado,56,faith.mza1@gmail.com
Atardeceres del Vino - La Finquita 1920 - 27/09,5782,"s치bado, septiembre 27, 2025, 23:00",Validado,11,faith.mza1@gmail.com
AUDIOFIX PRESENTA,6895,"s치bado, enero 1, 2000, 01:00",No Ingresado,57,
AUDIOFIX PRESENTA,6895,"s치bado, septiembre 27, 2025, 00:00",Validado,12,bela@validador.com
AUDIOFIX PRESENTA,6895,"s치bado, septiembre 27, 2025, 01:00",Validado,4,bela@validador.com
AUDIOFIX PRESENTA,6895,"s치bado, septiembre 27, 2025, 02:00",Validado,4,bela@validador.com
"BEALIVE PRESENTA - NIM, CCINNI & TIELLO x FLAMA",6892,"s치bado, enero 1, 2000, 01:00",No Ingresado,240,
"BEALIVE PRESENTA - NIM, CCINNI & TIELLO x FLAMA",6892,"jueves, septiembre 25, 2025, 22:00",Validado,3,sharon.kegalj@gmail.com
"BEALIVE PRESENTA - NIM, CCINNI & TIELLO x FLAMA",6892,"jueves, septiembre 25, 2025, 23:00",Validado,46,sharon.kegalj@gmail.com
"BEALIVE PRESENTA - NIM, CCINNI & TIELLO x FLAMA",6892,"viernes, septiembre 26, 2025, 00:00",Validado,74,sharon.kegalj@gmail.com
"BEALIVE PRESENTA - NIM, CCINNI & TIELLO x FLAMA",6892,"viernes, septiembre 26, 2025, 01:00",Validado,2,sharon.kegalj@gmail.com
Beta Test: Ensayo abierto pre-Mutek.AR,6878,"s치bado, enero 1, 2000, 01:00",No Ingresado,110,
Beta Test: Ensayo abierto pre-Mutek.AR,6878,"mi칠rcoles, septiembre 24, 2025, 20:00",Validado,88,bela@validador.com
Beta Test: Ensayo abierto pre-Mutek.AR,6878,"mi칠rcoles, septiembre 24, 2025, 21:00",Validado,10,bela@validador.com
BLACK CREAM SPRING SEASON VOL. 6 COMPE DE PERREO,6876,"s치bado, enero 1, 2000, 01:00",No Ingresado,793,
BLACK CREAM SPRING SEASON VOL. 6 COMPE DE PERREO,6876,"lunes, septiembre 22, 2025, 00:00",Validado,17,gigenata@gmail.com
BLACK CREAM SPRING SEASON VOL. 6 COMPE DE PERREO,6876,"lunes, septiembre 22, 2025, 01:00",Validado,77,c.aldanas@outlook.com
BLACK CREAM SPRING SEASON VOL. 6 COMPE DE PERREO,6876,"lunes, septiembre 22, 2025, 01:00",Validado,227,gigenata@gmail.com
BLACK CREAM SPRING SEASON VOL. 6 COMPE DE PERREO,6876,"lunes, septiembre 22, 2025, 02:00",Validado,1,lumey22@hotmail.com
BLACK CREAM SPRING SEASON VOL. 6 COMPE DE PERREO,6876,"lunes, septiembre 22, 2025, 02:00",Validado,28,gigenata@gmail.com
BLACK CREAM SPRING SEASON VOL. 6 COMPE DE PERREO,6876,"lunes, septiembre 22, 2025, 02:00",Validado,134,c.aldanas@outlook.com
BLACK CREAM SPRING SEASON VOL. 6 COMPE DE PERREO,6876,"lunes, septiembre 22, 2025, 03:00",Validado,6,c.aldanas@outlook.com
BLACK CREAM SPRING SEASON VOL.7 ,6889,"s치bado, enero 1, 2000, 01:00",No Ingresado,506,
BLACK CREAM SPRING SEASON VOL.7 ,6889,"viernes, septiembre 26, 2025, 00:00",Validado,7,gigenata@gmail.com
BLACK CREAM SPRING SEASON VOL.7 ,6889,"viernes, septiembre 26, 2025, 00:00",Validado,13,nicolasabreguo@gmail.com
BLACK CREAM SPRING SEASON VOL.7 ,6889,"viernes, septiembre 26, 2025, 01:00",Validado,3,gigenata@gmail.com
BLACK CREAM SPRING SEASON VOL.7 ,6889,"viernes, septiembre 26, 2025, 01:00",Validado,34,c.aldanas@outlook.com
BLACK CREAM SPRING SEASON VOL.7 ,6889,"viernes, septiembre 26, 2025, 01:00",Validado,214,nicolasabreguo@gmail.com
BLACK CREAM SPRING SEASON VOL.7 ,6889,"viernes, septiembre 26, 2025, 02:00",Validado,8,nicolasabreguo@gmail.com
BLACK CREAM SPRING SEASON VOL.7 ,6889,"viernes, septiembre 26, 2025, 02:00",Validado,95,c.aldanas@outlook.com
BLACK CREAM SPRING SEASON VOL.7 ,6889,"viernes, septiembre 26, 2025, 03:00",Validado,21,c.aldanas@outlook.com
BLACK JAGGER NIGHT | SAB 27 SEPT,6709,"s치bado, enero 1, 2000, 01:00",No Ingresado,440,
BLACK JAGGER NIGHT | SAB 27 SEPT,6709,"s치bado, septiembre 27, 2025, 23:00",Validado,1,lorenzojulian159@gmail.com
BLACK JAGGER NIGHT | SAB 27 SEPT,6709,"s치bado, septiembre 27, 2025, 23:00",Validado,3,santiagobustamante193@gmail.com
BLACK JAGGER NIGHT | SAB 27 SEPT,6709,"domingo, septiembre 28, 2025, 00:00",Validado,2,micaelabelencanada@gmail.com
BLACK JAGGER NIGHT | SAB 27 SEPT,6709,"domingo, septiembre 28, 2025, 00:00",Validado,4,santiagobustamante193@gmail.com
BLACK JAGGER NIGHT | SAB 27 SEPT,6709,"domingo, septiembre 28, 2025, 00:00",Validado,5,lorenzojoaquin878@gmail.com
BLACK JAGGER NIGHT | SAB 27 SEPT,6709,"domingo, septiembre 28, 2025, 00:00",Validado,6,ojedabrenda427@gmail.com
BLACK JAGGER NIGHT | SAB 27 SEPT,6709,"domingo, septiembre 28, 2025, 00:00",Validado,12,luciaheron17@gmail.com
BLACK JAGGER NIGHT | SAB 27 SEPT,6709,"domingo, septiembre 28, 2025, 01:00",Validado,55,lorenzojoaquin878@gmail.com
BLACK JAGGER NIGHT | SAB 27 SEPT,6709,"domingo, septiembre 28, 2025, 01:00",Validado,57,ojedabrenda427@gmail.com
BLACK JAGGER NIGHT | SAB 27 SEPT,6709,"domingo, septiembre 28, 2025, 01:00",Validado,59,lorenzojulian159@gmail.com
BLACK JAGGER NIGHT | SAB 27 SEPT,6709,"domingo, septiembre 28, 2025, 01:00",Validado,65,luciaheron17@gmail.com
BLACK JAGGER NIGHT | SAB 27 SEPT,6709,"domingo, septiembre 28, 2025, 01:00",Validado,77,micaelabelencanada@gmail.com
BLACK JAGGER NIGHT | SAB 27 SEPT,6709,"domingo, septiembre 28, 2025, 01:00",Validado,80,santiagobustamante193@gmail.com
BLACK JAGGER NIGHT | SAB 27 SEPT,6709,"domingo, septiembre 28, 2025, 02:00",Validado,1,lorenzojulian159@gmail.com
BLACK JAGGER NIGHT | SAB 27 SEPT,6709,"domingo, septiembre 28, 2025, 02:00",Validado,8,micaelabelencanada@gmail.com
BLACK JAGGER NIGHT | SAB 27 SEPT,6709,"domingo, septiembre 28, 2025, 02:00",Validado,9,ojedabrenda427@gmail.com
BLACK JAGGER NIGHT | SAB 27 SEPT,6709,"domingo, septiembre 28, 2025, 02:00",Validado,10,santiagobustamante193@gmail.com
BLACK JAGGER NIGHT | SAB 27 SEPT,6709,"domingo, septiembre 28, 2025, 02:00",Validado,14,luciaheron17@gmail.com
BLACK JAGGER NIGHT | SAB 27 SEPT,6709,"domingo, septiembre 28, 2025, 02:00",Validado,21,lorenzojoaquin878@gmail.com
BOSCO SUNSET VIERNES 26/09,6454,"s치bado, enero 1, 2000, 01:00",No Ingresado,111,
BOSCO SUNSET VIERNES 26/09,6454,"viernes, septiembre 26, 2025, 20:00",Validado,3,bosco@grupobroda.com
BOSCO SUNSET VIERNES 26/09,6454,"viernes, septiembre 26, 2025, 20:00",Validado,44,martinbarberam@gmail.com
BOSCO SUNSET VIERNES 26/09,6454,"viernes, septiembre 26, 2025, 21:00",Validado,39,bosco@grupobroda.com
BOSCO SUNSET VIERNES 26/09,6454,"viernes, septiembre 26, 2025, 21:00",Validado,55,martinbarberam@gmail.com
BOSCO SUNSET VIERNES 26/09,6454,"viernes, septiembre 26, 2025, 22:00",Validado,90,bosco@grupobroda.com
BOSCO SUNSET VIERNES 26/09,6454,"viernes, septiembre 26, 2025, 22:00",Validado,129,martinbarberam@gmail.com
BOSCO SUNSET VIERNES 26/09,6454,"viernes, septiembre 26, 2025, 23:00",Validado,9,bosco@grupobroda.com
BOSCO SUNSET VIERNES 26/09,6454,"viernes, septiembre 26, 2025, 23:00",Validado,17,martinbarberam@gmail.com
CLIENTES SUNSET EL ROBLE 27/09,6913,"s치bado, enero 1, 2000, 01:00",No Ingresado,119,
CLIENTES SUNSET EL ROBLE 27/09,6913,"s치bado, septiembre 27, 2025, 20:00",Validado,2,validadoreselroble@venti.la
CLIENTES SUNSET EL ROBLE 27/09,6913,"s치bado, septiembre 27, 2025, 21:00",Validado,65,validadoreselroble@venti.la
CLIENTES SUNSET EL ROBLE 27/09,6913,"s치bado, septiembre 27, 2025, 22:00",Validado,71,validadoreselroble@venti.la
CLIENTES SUNSET EL ROBLE 27/09,6913,"s치bado, septiembre 27, 2025, 23:00",Validado,5,validadoreselroble@venti.la
CLUB QUBA | JUEVES 25.09,6897,"s치bado, enero 1, 2000, 01:00",No Ingresado,982,
CLUB QUBA | JUEVES 25.09,6897,"jueves, septiembre 25, 2025, 22:00",Validado,11,Quba-validador@venti.la
CLUB QUBA | JUEVES 25.09,6897,"jueves, septiembre 25, 2025, 23:00",Validado,27,clubquba.reservas@gmail.com
CLUB QUBA | JUEVES 25.09,6897,"jueves, septiembre 25, 2025, 23:00",Validado,148,Quba-validador@venti.la
CLUB QUBA | JUEVES 25.09,6897,"viernes, septiembre 26, 2025, 00:00",Validado,57,Quba-validador@venti.la
CLUB QUBA | JUEVES 25.09,6897,"viernes, septiembre 26, 2025, 01:00",Validado,67,Quba-validador@venti.la
CLUB QUBA | JUEVES 25.09,6897,"viernes, septiembre 26, 2025, 02:00",Validado,9,Quba-validador@venti.la
CLUB QUBA | JUEVES 25.09,6897,"viernes, septiembre 26, 2025, 03:00",Validado,1,Quba-validador@venti.la
DANCE ON SUNSET (Opening season),6269,"s치bado, enero 1, 2000, 01:00",No Ingresado,236,
DANCE ON SUNSET (Opening season),6269,"s치bado, septiembre 27, 2025, 20:00",Validado,42,validador@mustang.com
DANCE ON SUNSET (Opening season),6269,"s치bado, septiembre 27, 2025, 21:00",Validado,17,validador@mustang.com
DANCE ON SUNSET (Opening season),6269,"s치bado, septiembre 27, 2025, 22:00",Validado,20,validador@mustang.com
DANCE ON SUNSET (Opening season),6269,"s치bado, septiembre 27, 2025, 23:00",Validado,3,validador@mustang.com
DANCE ON SUNSET (Opening season),6269,"domingo, septiembre 28, 2025, 00:00",Validado,2,validador@mustang.com
"DATA JAZZ | Copas, platitos y dise침o + En vivo: SPINETTA x JOAQU칈N LUDUE칌A 4",6846,"s치bado, enero 1, 2000, 01:00",No Ingresado,290,
"DATA JAZZ | Copas, platitos y dise침o + En vivo: SPINETTA x JOAQU칈N LUDUE칌A 4",6846,"mi칠rcoles, septiembre 24, 2025, 20:00",Validado,44,bela@validador.com
"DATA JAZZ | Copas, platitos y dise침o + En vivo: SPINETTA x JOAQU칈N LUDUE칌A 4",6846,"mi칠rcoles, septiembre 24, 2025, 21:00",Validado,13,bela@validador.com
DATA LOCAL >  ISCA + POR FAVOR ,6856,"s치bado, enero 1, 2000, 01:00",No Ingresado,265,
DATA LOCAL >  ISCA + POR FAVOR ,6856,"jueves, septiembre 25, 2025, 20:00",Validado,69,bela@validador.com
DATA LOCAL >  ISCA + POR FAVOR ,6856,"jueves, septiembre 25, 2025, 21:00",Validado,120,bela@validador.com
DATA LOCAL >  ISCA + POR FAVOR ,6856,"jueves, septiembre 25, 2025, 22:00",Validado,76,bela@validador.com
DATA LOCAL >  ISCA + POR FAVOR ,6856,"jueves, septiembre 25, 2025, 23:00",Validado,5,bela@validador.com
"DUNE PARK PRES. PERT, FORELLO (live), DEBORA CUNIA",6592,"s치bado, enero 1, 2000, 01:00",No Ingresado,28,
"DUNE PARK PRES. PERT, FORELLO (live), DEBORA CUNIA",6592,"s치bado, septiembre 27, 2025, 23:00",Validado,10,duneparkclub@gmail.com
"DUNE PARK PRES. PERT, FORELLO (live), DEBORA CUNIA",6592,"domingo, septiembre 28, 2025, 00:00",Validado,27,duneparkclub@gmail.com
"DUNE PARK PRES. PERT, FORELLO (live), DEBORA CUNIA",6592,"domingo, septiembre 28, 2025, 01:00",Validado,108,duneparkclub@gmail.com
"DUNE PARK PRES. PERT, FORELLO (live), DEBORA CUNIA",6592,"domingo, septiembre 28, 2025, 02:00",Validado,44,duneparkclub@gmail.com
"DUNE PARK PRES. PERT, FORELLO (live), DEBORA CUNIA",6592,"domingo, septiembre 28, 2025, 03:00",Validado,8,duneparkclub@gmail.com
"El Club de la Serpiente, Las Reliquias del Bosque Encantado - 27 de Septiembre - Forest Dan, Tortugas Open Mall- Buenos Aires",6679,"s치bado, enero 1, 2000, 01:00",No Ingresado,140,
"El Club de la Serpiente, Las Reliquias del Bosque Encantado - 27 de Septiembre - Forest Dan, Tortugas Open Mall- Buenos Aires",6679,"domingo, septiembre 28, 2025, 00:00",Validado,223,qr-serpiente
"El Club de la Serpiente, Las Reliquias del Bosque Encantado - 27 de Septiembre - Forest Dan, Tortugas Open Mall- Buenos Aires",6679,"domingo, septiembre 28, 2025, 01:00",Validado,537,qr-serpiente
"El Club de la Serpiente, Las Reliquias del Bosque Encantado - 27 de Septiembre - Forest Dan, Tortugas Open Mall- Buenos Aires",6679,"domingo, septiembre 28, 2025, 02:00",Validado,261,qr-serpiente
"El Club de la Serpiente, Las Reliquias del Bosque Encantado - 27 de Septiembre - Forest Dan, Tortugas Open Mall- Buenos Aires",6679,"domingo, septiembre 28, 2025, 03:00",Validado,7,qr-serpiente
Evento ONB Teatrino,6942,"s치bado, enero 1, 2000, 01:00",No Ingresado,5,
Evento prueba umano,6925,"s치bado, enero 1, 2000, 01:00",No Ingresado,40,
Evento Test Deseo,2012,"s치bado, enero 1, 2000, 01:00",No Ingresado,3,
FACUNDO | PATRICK RUSSELL,6600,"s치bado, enero 1, 2000, 01:00",No Ingresado,842,
FACUNDO | PATRICK RUSSELL,6600,"domingo, septiembre 28, 2025, 00:00",Validado,117,under-qr
FACUNDO | PATRICK RUSSELL,6600,"domingo, septiembre 28, 2025, 01:00",Validado,23,under-qr
FACUNDO | PATRICK RUSSELL,6600,"domingo, septiembre 28, 2025, 02:00",Validado,22,under-qr
FACUNDO | PATRICK RUSSELL,6600,"domingo, septiembre 28, 2025, 03:00",Validado,7,under-qr
FEDDOX | BORONIK & SAX | MARIANO MOVE @ THE GALLERY,6930,"s치bado, septiembre 27, 2025, 07:00",Validado,1,Galeriafechas@gmail.com
FEDDOX | BORONIK & SAX | MARIANO MOVE @ THE GALLERY,6930,"s치bado, septiembre 27, 2025, 08:00",Validado,2,Galeriafechas@gmail.com
Fiesta Sic,6898,"s치bado, enero 1, 2000, 01:00",No Ingresado,57,
Fiesta Sic,6898,"domingo, septiembre 28, 2025, 00:00",Validado,24,validadorsic@gmail.com
Fiesta Sic,6898,"domingo, septiembre 28, 2025, 01:00",Validado,210,validadorsic@gmail.com
Fiesta Sic,6898,"domingo, septiembre 28, 2025, 02:00",Validado,130,validadorsic@gmail.com
FOMO | CLUB QUBA 27.09,6888,"s치bado, enero 1, 2000, 01:00",No Ingresado,317,
FOMO | CLUB QUBA 27.09,6888,"domingo, septiembre 28, 2025, 00:00",Validado,11,Quba-validador@venti.la
FOMO | CLUB QUBA 27.09,6888,"domingo, septiembre 28, 2025, 01:00",Validado,160,Quba-validador@venti.la
FOMO | CLUB QUBA 27.09,6888,"domingo, septiembre 28, 2025, 02:00",Validado,67,Quba-validador@venti.la
FOMO | CLUB QUBA 27.09,6888,"domingo, septiembre 28, 2025, 03:00",Validado,2,Quba-validador@venti.la
FOMO | CLUB QUBA 27.09,6888,"domingo, septiembre 28, 2025, 04:00",Validado,3,Quba-validador@venti.la
Friends and Family Partner ,6722,"s치bado, enero 1, 2000, 01:00",No Ingresado,162,
Friends and Family Partner ,6722,"viernes, septiembre 26, 2025, 22:00",Validado,3,cecili.parra@gmail.com
Friends and Family Partner ,6722,"viernes, septiembre 26, 2025, 23:00",Validado,21,cecili.parra@gmail.com
Friends and Family Partner ,6722,"s치bado, septiembre 27, 2025, 00:00",Validado,78,cecili.parra@gmail.com
Friends and Family Partner ,6722,"s치bado, septiembre 27, 2025, 01:00",Validado,149,cecili.parra@gmail.com
Friends and Family Partner ,6722,"s치bado, septiembre 27, 2025, 02:00",Validado,26,cecili.parra@gmail.com
Friends and Family Partner ,6722,"s치bado, septiembre 27, 2025, 03:00",Validado,7,cecili.parra@gmail.com
"HILAB & 2GTHR pres: LOULOU PLAYERS, BET WEEN CITIES, SALVA CERQ @ BALI, S치bado 27/09",6770,"s치bado, enero 1, 2000, 01:00",No Ingresado,"3,817",
"HILAB & 2GTHR pres: LOULOU PLAYERS, BET WEEN CITIES, SALVA CERQ @ BALI, S치bado 27/09",6770,"domingo, septiembre 28, 2025, 00:00",Validado,92,2gthr-qr@venti.la
"HILAB & 2GTHR pres: LOULOU PLAYERS, BET WEEN CITIES, SALVA CERQ @ BALI, S치bado 27/09",6770,"domingo, septiembre 28, 2025, 01:00",Validado,160,2gthr-qr@venti.la
"HILAB & 2GTHR pres: LOULOU PLAYERS, BET WEEN CITIES, SALVA CERQ @ BALI, S치bado 27/09",6770,"domingo, septiembre 28, 2025, 02:00",Validado,236,2gthr-qr@venti.la
"HILAB & 2GTHR pres: LOULOU PLAYERS, BET WEEN CITIES, SALVA CERQ @ BALI, S치bado 27/09",6770,"domingo, septiembre 28, 2025, 03:00",Validado,9,2gthr-qr@venti.la
HUGEL - 27 de Septiembre,6012,"s치bado, enero 1, 2000, 01:00",No Ingresado,"4,515",
HUGEL - 27 de Septiembre,6012,"s치bado, septiembre 27, 2025, 17:00",Validado,1,
HUGEL - 27 de Septiembre,6012,"s치bado, septiembre 27, 2025, 21:00",Validado,1,
HUGEL - 27 de Septiembre,6012,"s치bado, septiembre 27, 2025, 22:00",Validado,5,validador@flamaproduce.com
HUGEL - 27 de Septiembre,6012,"s치bado, septiembre 27, 2025, 22:00",Validado,111,
HUGEL - 27 de Septiembre,6012,"s치bado, septiembre 27, 2025, 23:00",Validado,7,
HUGEL - 27 de Septiembre,6012,"s치bado, septiembre 27, 2025, 23:00",Validado,63,validador@flamaproduce.com
HUGEL - 27 de Septiembre,6012,"domingo, septiembre 28, 2025, 00:00",Validado,63,
HUGEL - 27 de Septiembre,6012,"domingo, septiembre 28, 2025, 00:00",Validado,194,validador@flamaproduce.com
HUGEL - 27 de Septiembre,6012,"domingo, septiembre 28, 2025, 01:00",Validado,75,
HUGEL - 27 de Septiembre,6012,"domingo, septiembre 28, 2025, 02:00",Validado,18,
HUGEL - 27 de Septiembre,6012,"domingo, septiembre 28, 2025, 03:00",Validado,1,
HUGEL - 27.09,6230,"s치bado, enero 1, 2000, 01:00",No Ingresado,6,
HUGEL - 27.09,6230,"domingo, septiembre 28, 2025, 00:00",Validado,2,validador@flamaap.com
HUGEL - 27.09,6230,"domingo, septiembre 28, 2025, 01:00",Validado,8,validador@flamaap.com
HUGEL - 27.09,6230,"domingo, septiembre 28, 2025, 02:00",Validado,4,validador@flamaap.com
Indie Folks 15춿 Aniversario,5207,"s치bado, enero 1, 2000, 01:00",No Ingresado,52,
JET Sab 27/9,6891,"s치bado, enero 1, 2000, 01:00",No Ingresado,"1,001",
JET Sab 27/9,6891,"s치bado, septiembre 27, 2025, 23:00",Validado,2,eventosadmjet1@gmail.com
JET Sab 27/9,6891,"domingo, septiembre 28, 2025, 00:00",Validado,134,eventosadmjet1@gmail.com
JET Sab 27/9,6891,"domingo, septiembre 28, 2025, 01:00",Validado,192,eventosadmjet1@gmail.com
JET Sab 27/9,6891,"domingo, septiembre 28, 2025, 02:00",Validado,137,eventosadmjet1@gmail.com
JUAAN EN CLUB QUBA | S츼BADO 27.09 PISTA ELECTRONICA,6893,"s치bado, enero 1, 2000, 01:00",No Ingresado,427,
JUAAN EN CLUB QUBA | S츼BADO 27.09 PISTA ELECTRONICA,6893,"domingo, septiembre 28, 2025, 00:00",Validado,16,Quba-validador@venti.la
JUAAN EN CLUB QUBA | S츼BADO 27.09 PISTA ELECTRONICA,6893,"domingo, septiembre 28, 2025, 01:00",Validado,94,Quba-validador@venti.la
JUAAN EN CLUB QUBA | S츼BADO 27.09 PISTA ELECTRONICA,6893,"domingo, septiembre 28, 2025, 02:00",Validado,3,Quba-validador@venti.la
KENZO & AKA BRUNO | POL FERN츼NDEZ & ZIO BENETTI | TOSCANO [B-DAY] @ THE GALLERY,6929,"s치bado, enero 1, 2000, 01:00",No Ingresado,5,
KENZO & AKA BRUNO | POL FERN츼NDEZ & ZIO BENETTI | TOSCANO [B-DAY] @ THE GALLERY,6929,"domingo, septiembre 28, 2025, 07:00",Validado,15,Galeriafechas@gmail.com
LA FULL #LOCALSUPPORT,6871,"s치bado, enero 1, 2000, 01:00",No Ingresado,"3,359",
LA FULL #LOCALSUPPORT,6871,"viernes, septiembre 26, 2025, 00:00",Validado,79,bela@validador.com
LA FULL #LOCALSUPPORT,6871,"viernes, septiembre 26, 2025, 01:00",Validado,10,bela@validador.com
LA FULL #LOCALSUPPORT,6871,"viernes, septiembre 26, 2025, 02:00",Validado,6,bela@validador.com
LA FULL #LOCALSUPPORT,6871,"viernes, septiembre 26, 2025, 03:00",Validado,1,bela@validador.com
LA T Y LA M 游뷣릖 x ARZ - S츼B 27/09 ,6621,"s치bado, enero 1, 2000, 01:00",No Ingresado,646,
LA T Y LA M 游뷣릖 x ARZ - S츼B 27/09 ,6621,"domingo, septiembre 28, 2025, 00:00",Validado,25,Bruunoo.-@hotmail.com
LA T Y LA M 游뷣릖 x ARZ - S츼B 27/09 ,6621,"domingo, septiembre 28, 2025, 01:00",Validado,154,Bruunoo.-@hotmail.com
LA T Y LA M 游뷣릖 x ARZ - S츼B 27/09 ,6621,"domingo, septiembre 28, 2025, 02:00",Validado,93,Bruunoo.-@hotmail.com
LA T Y LA M 游뷣릖 x ARZ - S츼B 27/09 ,6621,"domingo, septiembre 28, 2025, 03:00",Validado,87,Bruunoo.-@hotmail.com
LA T Y LA M 游뷣릖 x ARZ - S츼B 27/09 ,6621,"lunes, septiembre 29, 2025, 01:00",Validado,2,Bruunoo.-@hotmail.com
Linea Caliente & La Nube pres. Festival de Primavera (Nueva Fecha),6875,"s치bado, enero 1, 2000, 01:00",No Ingresado,998,
Linea Caliente & La Nube pres. Festival de Primavera (Nueva Fecha),6875,"s치bado, septiembre 27, 2025, 18:00",Validado,5,dmmarima16@gmail.com
Linea Caliente & La Nube pres. Festival de Primavera (Nueva Fecha),6875,"s치bado, septiembre 27, 2025, 18:00",Validado,6,levato.rebeca@gmail.com
Linea Caliente & La Nube pres. Festival de Primavera (Nueva Fecha),6875,"s치bado, septiembre 27, 2025, 18:00",Validado,12,sajor0528@gmail.com
Linea Caliente & La Nube pres. Festival de Primavera (Nueva Fecha),6875,"s치bado, septiembre 27, 2025, 19:00",Validado,20,levato.rebeca@gmail.com
Linea Caliente & La Nube pres. Festival de Primavera (Nueva Fecha),6875,"s치bado, septiembre 27, 2025, 19:00",Validado,22,dmmarima16@gmail.com
Linea Caliente & La Nube pres. Festival de Primavera (Nueva Fecha),6875,"s치bado, septiembre 27, 2025, 19:00",Validado,28,sajor0528@gmail.com
Linea Caliente & La Nube pres. Festival de Primavera (Nueva Fecha),6875,"s치bado, septiembre 27, 2025, 20:00",Validado,16,sajor0528@gmail.com
Linea Caliente & La Nube pres. Festival de Primavera (Nueva Fecha),6875,"s치bado, septiembre 27, 2025, 20:00",Validado,23,levato.rebeca@gmail.com
Linea Caliente & La Nube pres. Festival de Primavera (Nueva Fecha),6875,"s치bado, septiembre 27, 2025, 20:00",Validado,31,dmmarima16@gmail.com
Linea Caliente & La Nube pres. Festival de Primavera (Nueva Fecha),6875,"s치bado, septiembre 27, 2025, 21:00",Validado,22,dmmarima16@gmail.com
Linea Caliente & La Nube pres. Festival de Primavera (Nueva Fecha),6875,"s치bado, septiembre 27, 2025, 21:00",Validado,30,sajor0528@gmail.com
Linea Caliente & La Nube pres. Festival de Primavera (Nueva Fecha),6875,"s치bado, septiembre 27, 2025, 21:00",Validado,37,levato.rebeca@gmail.com
Linea Caliente & La Nube pres. Festival de Primavera (Nueva Fecha),6875,"s치bado, septiembre 27, 2025, 22:00",Validado,24,sajor0528@gmail.com
Linea Caliente & La Nube pres. Festival de Primavera (Nueva Fecha),6875,"s치bado, septiembre 27, 2025, 22:00",Validado,38,dmmarima16@gmail.com
Linea Caliente & La Nube pres. Festival de Primavera (Nueva Fecha),6875,"s치bado, septiembre 27, 2025, 22:00",Validado,39,levato.rebeca@gmail.com
Linea Caliente & La Nube pres. Festival de Primavera (Nueva Fecha),6875,"s치bado, septiembre 27, 2025, 23:00",Validado,11,dmmarima16@gmail.com
Linea Caliente & La Nube pres. Festival de Primavera (Nueva Fecha),6875,"s치bado, septiembre 27, 2025, 23:00",Validado,19,sajor0528@gmail.com
Linea Caliente & La Nube pres. Festival de Primavera (Nueva Fecha),6875,"s치bado, septiembre 27, 2025, 23:00",Validado,25,levato.rebeca@gmail.com
Linea Caliente & La Nube pres. Festival de Primavera (Nueva Fecha),6875,"domingo, septiembre 28, 2025, 00:00",Validado,4,dmmarima16@gmail.com
Linea Caliente & La Nube pres. Festival de Primavera (Nueva Fecha),6875,"domingo, septiembre 28, 2025, 00:00",Validado,11,sajor0528@gmail.com
Linea Caliente & La Nube pres. Festival de Primavera (Nueva Fecha),6875,"domingo, septiembre 28, 2025, 00:00",Validado,15,levato.rebeca@gmail.com
Linea Caliente & La Nube pres. Festival de Primavera (Nueva Fecha),6875,"domingo, septiembre 28, 2025, 01:00",Validado,2,dmmarima16@gmail.com
Linea Caliente & La Nube pres. Festival de Primavera (Nueva Fecha),6875,"domingo, septiembre 28, 2025, 01:00",Validado,5,levato.rebeca@gmail.com
Linea Caliente & La Nube pres. Festival de Primavera (Nueva Fecha),6875,"domingo, septiembre 28, 2025, 01:00",Validado,5,sajor0528@gmail.com
Linea Caliente & La Nube pres. Festival de Primavera (Nueva Fecha),6875,"domingo, septiembre 28, 2025, 02:00",Validado,2,levato.rebeca@gmail.com
Loops @ Shamrock Basement - Charles / Ruidoso / Nina Lebed / Los Maquina,6753,"s치bado, enero 1, 2000, 01:00",No Ingresado,72,
Loops @ Shamrock Basement - Charles / Ruidoso / Nina Lebed / Los Maquina,6753,"domingo, septiembre 28, 2025, 00:00",Validado,33,shamrock@venti.com
Loops @ Shamrock Basement - Charles / Ruidoso / Nina Lebed / Los Maquina,6753,"domingo, septiembre 28, 2025, 01:00",Validado,37,shamrock@venti.com
Loops @ Shamrock Basement - Charles / Ruidoso / Nina Lebed / Los Maquina,6753,"domingo, septiembre 28, 2025, 02:00",Validado,1,shamrock@venti.com
LOS ESPIRITUS + FOTHER MUCKERS (chi) + FIESTA HACELE CASO A TU ESPIRITU,6445,"s치bado, enero 1, 2000, 01:00",No Ingresado,136,
LOS ESPIRITUS + FOTHER MUCKERS (chi) + FIESTA HACELE CASO A TU ESPIRITU,6445,"s치bado, septiembre 27, 2025, 22:00",Validado,96,eliancanetetorres2@gmail.com
LOS ESPIRITUS + FOTHER MUCKERS (chi) + FIESTA HACELE CASO A TU ESPIRITU,6445,"s치bado, septiembre 27, 2025, 22:00",Validado,103,prilaracalderon@gmail.com
LOS ESPIRITUS + FOTHER MUCKERS (chi) + FIESTA HACELE CASO A TU ESPIRITU,6445,"s치bado, septiembre 27, 2025, 23:00",Validado,1,validador@deseo.com
LOS ESPIRITUS + FOTHER MUCKERS (chi) + FIESTA HACELE CASO A TU ESPIRITU,6445,"s치bado, septiembre 27, 2025, 23:00",Validado,146,eliancanetetorres2@gmail.com
LOS ESPIRITUS + FOTHER MUCKERS (chi) + FIESTA HACELE CASO A TU ESPIRITU,6445,"s치bado, septiembre 27, 2025, 23:00",Validado,161,prilaracalderon@gmail.com
LOS ESPIRITUS + FOTHER MUCKERS (chi) + FIESTA HACELE CASO A TU ESPIRITU,6445,"domingo, septiembre 28, 2025, 00:00",Validado,41,eliancanetetorres2@gmail.com
LOS ESPIRITUS + FOTHER MUCKERS (chi) + FIESTA HACELE CASO A TU ESPIRITU,6445,"domingo, septiembre 28, 2025, 00:00",Validado,69,prilaracalderon@gmail.com
LOS ESPIRITUS + FOTHER MUCKERS (chi) + FIESTA HACELE CASO A TU ESPIRITU,6445,"domingo, septiembre 28, 2025, 01:00",Validado,1,validador@deseo.com
MALIANTEO ,6857,"s치bado, enero 1, 2000, 01:00",No Ingresado,76,
MALIANTEO ,6857,"domingo, septiembre 28, 2025, 00:00",Validado,15,bela@validador.com
MALIANTEO ,6857,"domingo, septiembre 28, 2025, 01:00",Validado,19,bela@validador.com
MALIANTEO ,6857,"domingo, septiembre 28, 2025, 02:00",Validado,16,bela@validador.com
MALIANTEO ,6857,"domingo, septiembre 28, 2025, 03:00",Validado,5,bela@validador.com
"MESAS - 2GTHR ft ALMA pres: NACHO BOLOGNANI, FESTA BROS, ASTROBOY @ Morocco. Viernes 26/09",6581,"s치bado, enero 1, 2000, 01:00",No Ingresado,7,
"MESAS - HILAB & 2GTHR pres: LOULOU PLAYERS, BET WEEN CITIES, SALVA CERQ @ BALI, S치bado 27/09",6917,"s치bado, enero 1, 2000, 01:00",No Ingresado,2,
"NBA Group press: LOLU MENAYED , CGERMAN | S치bado 27 SEP  | San Martin de los Andes",6681,"s치bado, enero 1, 2000, 01:00",No Ingresado,36,
"NBA Group press: LOLU MENAYED , CGERMAN | S치bado 27 SEP  | San Martin de los Andes",6681,"domingo, septiembre 28, 2025, 00:00",Validado,57,luciacalabresi@icloud.com
"NBA Group press: LOLU MENAYED , CGERMAN | S치bado 27 SEP  | San Martin de los Andes",6681,"domingo, septiembre 28, 2025, 01:00",Validado,184,luciacalabresi@icloud.com
"NBA Group press: LOLU MENAYED , CGERMAN | S치bado 27 SEP  | San Martin de los Andes",6681,"domingo, septiembre 28, 2025, 02:00",Validado,56,luciacalabresi@icloud.com
"NBA Group press: LOLU MENAYED , CGERMAN | S치bado 27 SEP  | San Martin de los Andes",6681,"domingo, septiembre 28, 2025, 03:00",Validado,13,luciacalabresi@icloud.com
NE칍N PARTY BA |  BAIS ,6595,"s치bado, enero 1, 2000, 01:00",No Ingresado,231,
NE칍N PARTY BA |  BAIS ,6595,"s치bado, septiembre 27, 2025, 00:00",Validado,117,ivanetel465@gmail.com
NE칍N PARTY BA |  BAIS ,6595,"s치bado, septiembre 27, 2025, 01:00",Validado,207,ivanetel465@gmail.com
NE칍N PARTY BA |  BAIS ,6595,"s치bado, septiembre 27, 2025, 02:00",Validado,124,ivanetel465@gmail.com
NE칍N PARTY BA |  BAIS ,6595,"s치bado, septiembre 27, 2025, 03:00",Validado,2,ivanetel465@gmail.com
New Beginnings NextLevelEntertainment,6781,"s치bado, enero 1, 2000, 01:00",No Ingresado,318,
New Beginnings NextLevelEntertainment,6781,"viernes, septiembre 26, 2025, 23:00",Validado,10,under-qr
New Beginnings NextLevelEntertainment,6781,"s치bado, septiembre 27, 2025, 00:00",Validado,39,under-qr
New Beginnings NextLevelEntertainment,6781,"s치bado, septiembre 27, 2025, 02:00",Validado,2,under-qr
Nomads Partaaay! - SAT 27.09,6957,"s치bado, enero 1, 2000, 01:00",No Ingresado,12,
NOT WELCOME PRESENTS MIRO,6787,"s치bado, enero 1, 2000, 01:00",No Ingresado,509,
NOT WELCOME PRESENTS MIRO,6787,"viernes, septiembre 26, 2025, 00:00",Validado,58,eventosadmjet1@gmail.com
NOT WELCOME PRESENTS MIRO,6787,"viernes, septiembre 26, 2025, 01:00",Validado,116,eventosadmjet1@gmail.com
NOT WELCOME PRESENTS MIRO,6787,"viernes, septiembre 26, 2025, 02:00",Validado,26,eventosadmjet1@gmail.com
Pansa Records & Meets Trash Presentan: ACID HONEY,6683,"s치bado, enero 1, 2000, 01:00",No Ingresado,14,
Pansa Records & Meets Trash Presentan: ACID HONEY,6683,"viernes, septiembre 26, 2025, 23:00",Validado,3,duneparkclub@gmail.com
Pansa Records & Meets Trash Presentan: ACID HONEY,6683,"s치bado, septiembre 27, 2025, 00:00",Validado,13,duneparkclub@gmail.com
Pansa Records & Meets Trash Presentan: ACID HONEY,6683,"s치bado, septiembre 27, 2025, 01:00",Validado,45,duneparkclub@gmail.com
Pansa Records & Meets Trash Presentan: ACID HONEY,6683,"s치bado, septiembre 27, 2025, 02:00",Validado,24,duneparkclub@gmail.com
Pansa Records & Meets Trash Presentan: ACID HONEY,6683,"s치bado, septiembre 27, 2025, 03:00",Validado,2,duneparkclub@gmail.com
Pansa Records & Meets Trash Presentan: ACID HONEY,6683,"s치bado, septiembre 27, 2025, 04:00",Validado,2,duneparkclub@gmail.com
PLANAZO-BOHEMIAN RHAPSODY,6818,"s치bado, enero 1, 2000, 01:00",No Ingresado,20,
PLANAZO-BOHEMIAN RHAPSODY,6818,"domingo, septiembre 28, 2025, 19:00",Validado,79,validadoreselroble@venti.la
PLANAZO-BOHEMIAN RHAPSODY,6818,"domingo, septiembre 28, 2025, 20:00",Validado,13,validadoreselroble@venti.la
PUEBLO LIMITE | SABADO 27/09 | FLUO NIGHT,6936,"s치bado, enero 1, 2000, 01:00",No Ingresado,845,
PUEBLO LIMITE | SABADO 27/09 | FLUO NIGHT,6936,"domingo, septiembre 28, 2025, 00:00",Validado,30,Pueblo@validar.com
PUEBLO LIMITE | SABADO 27/09 | FLUO NIGHT,6936,"domingo, septiembre 28, 2025, 01:00",Validado,199,Pueblo@validar.com
QRs fisicos - HUGEL - 27 de Septiembre,6914,"s치bado, enero 1, 2000, 01:00",No Ingresado,200,
S치bado 27 de Septiembre: FRACTAL BAR TCQ PRES Minau Radio Grabaci칩n Abierta al P칰blico,6901,"s치bado, enero 1, 2000, 01:00",No Ingresado,31,
S츼BADO CACHENGUE BY BOSCO SUNSET 27/09,6456,"s치bado, enero 1, 2000, 01:00",No Ingresado,88,
S츼BADO CACHENGUE BY BOSCO SUNSET 27/09,6456,"s치bado, septiembre 27, 2025, 19:00",Validado,2,martinbarberam@gmail.com
S츼BADO CACHENGUE BY BOSCO SUNSET 27/09,6456,"s치bado, septiembre 27, 2025, 20:00",Validado,29,bosco@grupobroda.com
S츼BADO CACHENGUE BY BOSCO SUNSET 27/09,6456,"s치bado, septiembre 27, 2025, 21:00",Validado,86,bosco@grupobroda.com
S츼BADO CACHENGUE BY BOSCO SUNSET 27/09,6456,"s치bado, septiembre 27, 2025, 22:00",Validado,169,bosco@grupobroda.com
S츼BADO CACHENGUE BY BOSCO SUNSET 27/09,6456,"s치bado, septiembre 27, 2025, 23:00",Validado,84,bosco@grupobroda.com
S츼BADO CACHENGUE BY BOSCO SUNSET 27/09,6456,"domingo, septiembre 28, 2025, 00:00",Validado,3,bosco@grupobroda.com
S츼BADO CACHENGUE BY BOSCO SUNSET 27/09,6456,"domingo, septiembre 28, 2025, 13:00",Validado,2,bosco@grupobroda.com
SI ME EXTRA칌AS x 0800FINA,6724,"s치bado, enero 1, 2000, 01:00",No Ingresado,381,
SI ME EXTRA칌AS x 0800FINA,6724,"s치bado, septiembre 27, 2025, 20:00",Validado,13,bela@validador.com
SI ME EXTRA칌AS x 0800FINA,6724,"s치bado, septiembre 27, 2025, 21:00",Validado,17,bela@validador.com
SI ME EXTRA칌AS x 0800FINA,6724,"s치bado, septiembre 27, 2025, 22:00",Validado,29,bela@validador.com
SI ME EXTRA칌AS x 0800FINA,6724,"s치bado, septiembre 27, 2025, 23:00",Validado,7,bela@validador.com
Silvestre,6653,"s치bado, enero 1, 2000, 01:00",No Ingresado,59,
Silvestre,6653,"domingo, septiembre 28, 2025, 00:00",Validado,32,sonix@venti.la
Silvestre,6653,"domingo, septiembre 28, 2025, 01:00",Validado,72,sonix@venti.la
Silvestre,6653,"domingo, septiembre 28, 2025, 02:00",Validado,43,sonix@venti.la
Silvestre,6653,"domingo, septiembre 28, 2025, 03:00",Validado,2,sonix@venti.la
SONIDERA ~ 2da edici칩n,6907,"s치bado, enero 1, 2000, 01:00",No Ingresado,219,
SONIDERA ~ 2da edici칩n,6907,"viernes, septiembre 26, 2025, 20:00",Validado,6,bela@validador.com
SUNSET EL ROBLE,6854,"s치bado, enero 1, 2000, 01:00",No Ingresado,21,
SUNSET EL ROBLE,6854,"s치bado, septiembre 27, 2025, 19:00",Validado,2,validadoreselroble@venti.la
SUNSET EL ROBLE,6854,"s치bado, septiembre 27, 2025, 20:00",Validado,34,validadoreselroble@venti.la
SUNSET EL ROBLE,6854,"s치bado, septiembre 27, 2025, 21:00",Validado,24,validadoreselroble@venti.la
SUNSET EL ROBLE,6854,"s치bado, septiembre 27, 2025, 22:00",Validado,82,validadoreselroble@venti.la
SUNSET EL ROBLE,6854,"s치bado, septiembre 27, 2025, 23:00",Validado,7,validadoreselroble@venti.la
SUNSET EL ROBLE,6854,"domingo, septiembre 28, 2025, 21:00",Validado,1,validadoreselroble@venti.la
TCQ press Sociedad Anonima - Killer - Dario Molina,6771,"s치bado, enero 1, 2000, 01:00",No Ingresado,66,
TCQ press Sociedad Anonima - Killer - Dario Molina,6771,"viernes, septiembre 26, 2025, 23:00",Validado,1,manager.tcq@gmail.com
TCQ press Sociedad Anonima - Killer - Dario Molina,6771,"s치bado, septiembre 27, 2025, 00:00",Validado,8,manager.tcq@gmail.com
TCQ x Truppe Bass-Tardo & Calle falsa 123,6773,"s치bado, enero 1, 2000, 01:00",No Ingresado,91,
TCQ x Truppe Bass-Tardo & Calle falsa 123,6773,"domingo, septiembre 28, 2025, 00:00",Validado,13,manager.tcq@gmail.com
Test Naranja x,6955,"s치bado, enero 1, 2000, 01:00",No Ingresado,8,
"TOBIAS BRUKMAN, DAN HAKIM, ANDRES CHIRULNICOFF  + GLAS칄 en Dune Park",6710,"jueves, septiembre 25, 2025, 20:00",Validado,3,duneparkclub@gmail.com
"TOBIAS BRUKMAN, DAN HAKIM, ANDRES CHIRULNICOFF  + GLAS칄 en Dune Park",6710,"jueves, septiembre 25, 2025, 21:00",Validado,5,duneparkclub@gmail.com
"TOBIAS BRUKMAN, DAN HAKIM, ANDRES CHIRULNICOFF  + GLAS칄 en Dune Park",6710,"jueves, septiembre 25, 2025, 22:00",Validado,1,duneparkclub@gmail.com
VINMUSIC PRIMAVERA WINES ,6068,"s치bado, enero 1, 2000, 01:00",No Ingresado,126,
VINMUSIC PRIMAVERA WINES ,6068,"s치bado, septiembre 27, 2025, 17:00",Validado,16,jazcoria10@gmail.com
VINMUSIC PRIMAVERA WINES ,6068,"s치bado, septiembre 27, 2025, 17:00",Validado,22,mili.herlin1@gmail.com
VINMUSIC PRIMAVERA WINES ,6068,"s치bado, septiembre 27, 2025, 17:00",Validado,33,abril.blanco12@gmail.com
VINMUSIC PRIMAVERA WINES ,6068,"s치bado, septiembre 27, 2025, 17:00",Validado,35,calandrom21@gmail.com
VINMUSIC PRIMAVERA WINES ,6068,"s치bado, septiembre 27, 2025, 17:00",Validado,73,angelicaorganista.13@gmail.com
VINMUSIC PRIMAVERA WINES ,6068,"s치bado, septiembre 27, 2025, 18:00",Validado,27,abril.blanco12@gmail.com
VINMUSIC PRIMAVERA WINES ,6068,"s치bado, septiembre 27, 2025, 18:00",Validado,27,jazcoria10@gmail.com
VINMUSIC PRIMAVERA WINES ,6068,"s치bado, septiembre 27, 2025, 18:00",Validado,66,calandrom21@gmail.com
VINMUSIC PRIMAVERA WINES ,6068,"s치bado, septiembre 27, 2025, 18:00",Validado,78,mili.herlin1@gmail.com
VINMUSIC PRIMAVERA WINES ,6068,"s치bado, septiembre 27, 2025, 18:00",Validado,97,angelicaorganista.13@gmail.com
VINMUSIC PRIMAVERA WINES ,6068,"s치bado, septiembre 27, 2025, 19:00",Validado,8,mili.herlin1@gmail.com
VINMUSIC PRIMAVERA WINES ,6068,"s치bado, septiembre 27, 2025, 19:00",Validado,13,abril.blanco12@gmail.com
VINMUSIC PRIMAVERA WINES ,6068,"s치bado, septiembre 27, 2025, 19:00",Validado,16,calandrom21@gmail.com
VINMUSIC PRIMAVERA WINES ,6068,"s치bado, septiembre 27, 2025, 19:00",Validado,19,jazcoria10@gmail.com
VINMUSIC PRIMAVERA WINES ,6068,"s치bado, septiembre 27, 2025, 19:00",Validado,38,angelicaorganista.13@gmail.com
VINMUSIC PRIMAVERA WINES ,6068,"s치bado, septiembre 27, 2025, 20:00",Validado,1,calandrom21@gmail.com
VINMUSIC PRIMAVERA WINES ,6068,"s치bado, septiembre 27, 2025, 20:00",Validado,3,angelicaorganista.13@gmail.com
VINMUSIC PRIMAVERA WINES ,6068,"s치bado, septiembre 27, 2025, 20:00",Validado,4,jazcoria10@gmail.com
VINMUSIC PRIMAVERA WINES ,6068,"s치bado, septiembre 27, 2025, 20:00",Validado,5,abril.blanco12@gmail.com
VINMUSIC PRIMAVERA WINES ,6068,"s치bado, septiembre 27, 2025, 20:00",Validado,7,mili.herlin1@gmail.com
VINMUSIC PRIMAVERA WINES ,6068,"s치bado, septiembre 27, 2025, 21:00",Validado,3,abril.blanco12@gmail.com
VINMUSIC PRIMAVERA WINES ,6068,"s치bado, septiembre 27, 2025, 21:00",Validado,3,mili.herlin1@gmail.com
VINMUSIC PRIMAVERA WINES ,6068,"s치bado, septiembre 27, 2025, 22:00",Validado,3,delfi.piperno@gmail.com
