Event Name,TEMP ID,TEMP Validation Time,Status,Total Validado,TEMP Usuarios de Validadores
[VIE28NOV] NO NAME [SECRET LINE UP] [TECHNO] MVMNT,7586,"s치bado, enero 1, 2000, 01:00",No Ingresado,55,
[VIE28NOV] NO NAME [SECRET LINE UP] [TECHNO] MVMNT,7586,"s치bado, noviembre 29, 2025, 00:00",Validado,2,mvmnt.cxllective@gmail.com
[VIE28NOV] NO NAME [SECRET LINE UP] [TECHNO] MVMNT,7586,"s치bado, noviembre 29, 2025, 01:00",Validado,10,mvmnt.cxllective@gmail.com
"19:26 y Yubik en La Plaza de la Musica, MDQ",6439,"s치bado, enero 1, 2000, 01:00",No Ingresado,"1,732",
"19:26 y Yubik en La Plaza de la Musica, MDQ",6439,"domingo, noviembre 23, 2025, 23:00",Validado,28,validador.gral@gmail.com
"19:26 y Yubik en La Plaza de la Musica, MDQ",6439,"lunes, noviembre 24, 2025, 00:00",Validado,331,validador.gral@gmail.com
"19:26 y Yubik en La Plaza de la Musica, MDQ",6439,"lunes, noviembre 24, 2025, 01:00",Validado,540,validador.gral@gmail.com
"19:26 y Yubik en La Plaza de la Musica, MDQ",6439,"lunes, noviembre 24, 2025, 02:00",Validado,99,validador.gral@gmail.com
"19:26 y Yubik en La Plaza de la Musica, MDQ",6439,"lunes, noviembre 24, 2025, 03:00",Validado,6,validador.gral@gmail.com
28.11 | NICOLAS RADA EN FRUTA .,7510,"s치bado, enero 1, 2000, 01:00",No Ingresado,400,
28.11 | NICOLAS RADA EN FRUTA .,7510,"viernes, noviembre 28, 2025, 23:00",Validado,3,acreditadorfruta@gmail.com
28.11 | NICOLAS RADA EN FRUTA .,7510,"s치bado, noviembre 29, 2025, 00:00",Validado,8,pedritocarballo5@gmail.com
28.11 | NICOLAS RADA EN FRUTA .,7510,"s치bado, noviembre 29, 2025, 00:00",Validado,100,acreditadorfruta@gmail.com
28.11 | NICOLAS RADA EN FRUTA .,7510,"s치bado, noviembre 29, 2025, 01:00",Validado,11,pedritocarballo5@gmail.com
28.11 | NICOLAS RADA EN FRUTA .,7510,"s치bado, noviembre 29, 2025, 01:00",Validado,76,acreditadorfruta@gmail.com
28.11 | NICOLAS RADA EN FRUTA .,7510,"s치bado, noviembre 29, 2025, 02:00",Validado,26,acreditadorfruta@gmail.com
28.11 | NICOLAS RADA EN FRUTA .,7510,"s치bado, noviembre 29, 2025, 03:00",Validado,5,acreditadorfruta@gmail.com
28.11 WASABI FEST en Temperley - Auditorio Sur,7353,"s치bado, enero 1, 2000, 01:00",No Ingresado,85,
28.11 WASABI FEST en Temperley - Auditorio Sur,7353,"s치bado, noviembre 29, 2025, 00:00",Validado,9,pabloandres500ar@gmail.com
28.11 WASABI FEST en Temperley - Auditorio Sur,7353,"s치bado, noviembre 29, 2025, 01:00",Validado,291,pabloandres500ar@gmail.com
28.11 WASABI FEST en Temperley - Auditorio Sur,7353,"s치bado, noviembre 29, 2025, 02:00",Validado,548,pabloandres500ar@gmail.com
28.11 WASABI FEST en Temperley - Auditorio Sur,7353,"s치bado, noviembre 29, 2025, 03:00",Validado,7,pabloandres500ar@gmail.com
28.11 WASABI FEST en Temperley - Auditorio Sur,7353,"s치bado, noviembre 29, 2025, 21:00",Validado,2,pabloandres500ar@gmail.com
29.11 | 300 NOCHES ANAN츼.,7630,"s치bado, enero 1, 2000, 01:00",No Ingresado,29,
29.11 | 300 NOCHES ANAN츼.,7630,"domingo, noviembre 30, 2025, 01:00",Validado,1,acreditadorfruta@gmail.com
29.11 | 300 NOCHES ANAN츼.,7630,"domingo, noviembre 30, 2025, 02:00",Validado,14,acreditadorfruta@gmail.com
29.11 | 300 NOCHES ANAN츼.,7630,"domingo, noviembre 30, 2025, 03:00",Validado,5,acreditadorfruta@gmail.com
29.11 | 300 NOCHES ANAN츼.,7630,"domingo, noviembre 30, 2025, 04:00",Validado,1,acreditadorfruta@gmail.com
29.11 | CITRUS ,7613,"s치bado, enero 1, 2000, 01:00",No Ingresado,16,
29.11 | CITRUS ,7613,"s치bado, noviembre 29, 2025, 23:00",Validado,14,acreditadorfruta@gmail.com
29.11 | CITRUS ,7613,"domingo, noviembre 30, 2025, 00:00",Validado,13,acreditadorfruta@gmail.com
29.11 | CITRUS ,7613,"domingo, noviembre 30, 2025, 01:00",Validado,35,acreditadorfruta@gmail.com
29.11 | CITRUS ,7613,"domingo, noviembre 30, 2025, 02:00",Validado,10,acreditadorfruta@gmail.com
29.11 | CITRUS ,7613,"domingo, noviembre 30, 2025, 03:00",Validado,9,acreditadorfruta@gmail.com
"2GTHR Open Air PRE PARTY: JONATHAN KASPAR, TANTUM @ MOROCCO, Viernes 28/11",7455,"s치bado, enero 1, 2000, 01:00",No Ingresado,"4,179",
"2GTHR Open Air PRE PARTY: JONATHAN KASPAR, TANTUM @ MOROCCO, Viernes 28/11",7455,"s치bado, noviembre 29, 2025, 00:00",Validado,95,2gthr-qr@venti.la
"2GTHR Open Air PRE PARTY: JONATHAN KASPAR, TANTUM @ MOROCCO, Viernes 28/11",7455,"s치bado, noviembre 29, 2025, 01:00",Validado,283,2gthr-qr@venti.la
"2GTHR Open Air PRE PARTY: JONATHAN KASPAR, TANTUM @ MOROCCO, Viernes 28/11",7455,"s치bado, noviembre 29, 2025, 02:00",Validado,114,2gthr-qr@venti.la
"2GTHR Open Air PRE PARTY: JONATHAN KASPAR, TANTUM @ MOROCCO, Viernes 28/11",7455,"s치bado, noviembre 29, 2025, 03:00",Validado,36,2gthr-qr@venti.la
"2GTHR Open Air PRE PARTY: JONATHAN KASPAR, TANTUM @ MOROCCO, Viernes 28/11",7455,"s치bado, noviembre 29, 2025, 22:00",Validado,2,2gthr-qr@venti.la
"2GTHR Open Air: WE ARE LOST FESTIVAL BUENOS AIRES @ AUTODROMO Bs. As. - S치bado 29.11, 19Hs a 06hs",6082,"s치bado, enero 1, 2000, 01:00",No Ingresado,"1,814",
"2GTHR Open Air: WE ARE LOST FESTIVAL BUENOS AIRES @ AUTODROMO Bs. As. - S치bado 29.11, 19Hs a 06hs",6082,"s치bado, noviembre 29, 2025, 20:00",Validado,584,
"2GTHR Open Air: WE ARE LOST FESTIVAL BUENOS AIRES @ AUTODROMO Bs. As. - S치bado 29.11, 19Hs a 06hs",6082,"s치bado, noviembre 29, 2025, 21:00",Validado,"2,679",
"2GTHR Open Air: WE ARE LOST FESTIVAL BUENOS AIRES @ AUTODROMO Bs. As. - S치bado 29.11, 19Hs a 06hs",6082,"s치bado, noviembre 29, 2025, 22:00",Validado,"2,484",
"2GTHR Open Air: WE ARE LOST FESTIVAL BUENOS AIRES @ AUTODROMO Bs. As. - S치bado 29.11, 19Hs a 06hs",6082,"s치bado, noviembre 29, 2025, 23:00",Validado,"2,653",
"2GTHR Open Air: WE ARE LOST FESTIVAL BUENOS AIRES @ AUTODROMO Bs. As. - S치bado 29.11, 19Hs a 06hs",6082,"domingo, noviembre 30, 2025, 00:00",Validado,"1,611",
"2GTHR Open Air: WE ARE LOST FESTIVAL BUENOS AIRES @ AUTODROMO Bs. As. - S치bado 29.11, 19Hs a 06hs",6082,"domingo, noviembre 30, 2025, 01:00",Validado,254,
"2GTHR Open Air: WE ARE LOST FESTIVAL BUENOS AIRES @ AUTODROMO Bs. As. - S치bado 29.11, 19Hs a 06hs",6082,"domingo, noviembre 30, 2025, 02:00",Validado,3,
Atardeceres del Vino - La Finquita 1920 - 29/11,5792,"s치bado, enero 1, 2000, 01:00",No Ingresado,55,
Atardeceres del Vino - La Finquita 1920 - 29/11,5792,"mi칠rcoles, noviembre 19, 2025, 17:00",Validado,2,faith.mza1@gmail.com
Atardeceres del Vino - La Finquita 1920 - 29/11,5792,"mi칠rcoles, noviembre 26, 2025, 11:00",Validado,2,faith.mza1@gmail.com
Atardeceres del Vino - La Finquita 1920 - 29/11,5792,"s치bado, noviembre 29, 2025, 19:00",Validado,156,validadorlafinquita@gmail.com
Atardeceres del Vino - La Finquita 1920 - 29/11,5792,"s치bado, noviembre 29, 2025, 20:00",Validado,276,validadorlafinquita@gmail.com
Atardeceres del Vino - La Finquita 1920 - 29/11,5792,"s치bado, noviembre 29, 2025, 21:00",Validado,208,validadorlafinquita@gmail.com
Atardeceres del Vino - La Finquita 1920 - 29/11,5792,"s치bado, noviembre 29, 2025, 22:00",Validado,52,validadorlafinquita@gmail.com
Atardeceres del Vino - La Finquita 1920 - 29/11,5792,"s치bado, noviembre 29, 2025, 23:00",Validado,7,validadorlafinquita@gmail.com
Atardeceres del Vino - La Finquita 1920 - 29/11,5792,"domingo, noviembre 30, 2025, 00:00",Validado,2,faith.mza1@gmail.com
ATARDECERES HIST칍RICOS | SAB 29 DE NOVIEMBRE,7435,"s치bado, enero 1, 2000, 01:00",No Ingresado,15,
BLACK CREAM DOMINGO PRE FERIADO BAD BUNNY ,7603,"s치bado, enero 1, 2000, 01:00",No Ingresado,483,
BLACK CREAM DOMINGO PRE FERIADO BAD BUNNY ,7603,"lunes, noviembre 24, 2025, 00:00",Validado,16,gigenata@gmail.com
BLACK CREAM DOMINGO PRE FERIADO BAD BUNNY ,7603,"lunes, noviembre 24, 2025, 01:00",Validado,28,estebanestudio@hotmail.com
BLACK CREAM DOMINGO PRE FERIADO BAD BUNNY ,7603,"lunes, noviembre 24, 2025, 01:00",Validado,29,gigenata@gmail.com
BLACK CREAM DOMINGO PRE FERIADO BAD BUNNY ,7603,"lunes, noviembre 24, 2025, 01:00",Validado,45,c.aldanas@outlook.com
BLACK CREAM DOMINGO PRE FERIADO BAD BUNNY ,7603,"lunes, noviembre 24, 2025, 01:00",Validado,200,nicolasabreguo@gmail.com
BLACK CREAM DOMINGO PRE FERIADO BAD BUNNY ,7603,"lunes, noviembre 24, 2025, 02:00",Validado,25,gigenata@gmail.com
BLACK CREAM DOMINGO PRE FERIADO BAD BUNNY ,7603,"lunes, noviembre 24, 2025, 02:00",Validado,30,estebanestudio@hotmail.com
BLACK CREAM DOMINGO PRE FERIADO BAD BUNNY ,7603,"lunes, noviembre 24, 2025, 02:00",Validado,59,nicolasabreguo@gmail.com
BLACK CREAM DOMINGO PRE FERIADO BAD BUNNY ,7603,"lunes, noviembre 24, 2025, 02:00",Validado,177,c.aldanas@outlook.com
BLACK CREAM DOMINGO PRE FERIADO BAD BUNNY ,7603,"lunes, noviembre 24, 2025, 03:00",Validado,9,estebanestudio@hotmail.com
BLACK CREAM DOMINGO PRE FERIADO BAD BUNNY ,7603,"lunes, noviembre 24, 2025, 03:00",Validado,26,c.aldanas@outlook.com
BLACK CREAM JUEVES TRAP & PERREO (RELEASE PARTY ECKO) ,7610,"s치bado, enero 1, 2000, 01:00",No Ingresado,946,
BLACK CREAM JUEVES TRAP & PERREO (RELEASE PARTY ECKO) ,7610,"viernes, noviembre 28, 2025, 00:00",Validado,1,nicolasabreguo@gmail.com
BLACK CREAM JUEVES TRAP & PERREO (RELEASE PARTY ECKO) ,7610,"viernes, noviembre 28, 2025, 00:00",Validado,3,gigenata@gmail.com
BLACK CREAM JUEVES TRAP & PERREO (RELEASE PARTY ECKO) ,7610,"viernes, noviembre 28, 2025, 01:00",Validado,42,c.aldanas@outlook.com
BLACK CREAM JUEVES TRAP & PERREO (RELEASE PARTY ECKO) ,7610,"viernes, noviembre 28, 2025, 01:00",Validado,267,nicolasabreguo@gmail.com
BLACK CREAM JUEVES TRAP & PERREO (RELEASE PARTY ECKO) ,7610,"viernes, noviembre 28, 2025, 02:00",Validado,25,nicolasabreguo@gmail.com
BLACK CREAM JUEVES TRAP & PERREO (RELEASE PARTY ECKO) ,7610,"viernes, noviembre 28, 2025, 02:00",Validado,162,c.aldanas@outlook.com
BLACK CREAM JUEVES TRAP & PERREO (RELEASE PARTY ECKO) ,7610,"viernes, noviembre 28, 2025, 03:00",Validado,26,c.aldanas@outlook.com
BLACK CREAM JUEVES TRAP & PERREO (RELEASE PARTY ECKO) ,7610,"viernes, noviembre 28, 2025, 04:00",Validado,2,c.aldanas@outlook.com
BRINDIS / Bonaire x Vicio Fantasia,7563,"s치bado, enero 1, 2000, 01:00",No Ingresado,125,
BRINDIS / Bonaire x Vicio Fantasia,7563,"viernes, noviembre 28, 2025, 22:00",Validado,4,mili.herlin1@gmail.com
BRINDIS / Bonaire x Vicio Fantasia,7563,"viernes, noviembre 28, 2025, 22:00",Validado,4,sajor0528@gmail.com
BRINDIS / Bonaire x Vicio Fantasia,7563,"viernes, noviembre 28, 2025, 23:00",Validado,25,mili.herlin1@gmail.com
BRINDIS / Bonaire x Vicio Fantasia,7563,"viernes, noviembre 28, 2025, 23:00",Validado,26,sajor0528@gmail.com
BRINDIS / Bonaire x Vicio Fantasia,7563,"s치bado, noviembre 29, 2025, 00:00",Validado,30,sajor0528@gmail.com
BRINDIS / Bonaire x Vicio Fantasia,7563,"s치bado, noviembre 29, 2025, 00:00",Validado,64,mili.herlin1@gmail.com
BRINDIS / Bonaire x Vicio Fantasia,7563,"s치bado, noviembre 29, 2025, 01:00",Validado,87,sajor0528@gmail.com
BRINDIS / Bonaire x Vicio Fantasia,7563,"s치bado, noviembre 29, 2025, 01:00",Validado,122,mili.herlin1@gmail.com
BRINDIS / Bonaire x Vicio Fantasia,7563,"s치bado, noviembre 29, 2025, 02:00",Validado,66,mili.herlin1@gmail.com
BRINDIS / Bonaire x Vicio Fantasia,7563,"s치bado, noviembre 29, 2025, 02:00",Validado,84,sajor0528@gmail.com
BRINDIS / Bonaire x Vicio Fantasia,7563,"s치bado, noviembre 29, 2025, 03:00",Validado,34,mili.herlin1@gmail.com
BRINDIS / Bonaire x Vicio Fantasia,7563,"s치bado, noviembre 29, 2025, 03:00",Validado,40,sajor0528@gmail.com
BRINDIS / Bonaire x Vicio Fantasia,7563,"s치bado, noviembre 29, 2025, 04:00",Validado,1,mili.herlin1@gmail.com
CARLOS ALFONSIN | VIERNES 28 DE NOVIEMBRE | BEM X BEATLAB,7505,"s치bado, enero 1, 2000, 01:00",No Ingresado,185,
CARLOS ALFONSIN | VIERNES 28 DE NOVIEMBRE | BEM X BEATLAB,7505,"s치bado, noviembre 29, 2025, 00:00",Validado,8,jeronimofrizza7@gmail.com
CARLOS ALFONSIN | VIERNES 28 DE NOVIEMBRE | BEM X BEATLAB,7505,"s치bado, noviembre 29, 2025, 01:00",Validado,75,jeronimofrizza7@gmail.com
CARLOS ALFONSIN | VIERNES 28 DE NOVIEMBRE | BEM X BEATLAB,7505,"s치bado, noviembre 29, 2025, 02:00",Validado,70,jeronimofrizza7@gmail.com
CARLOS ALFONSIN | VIERNES 28 DE NOVIEMBRE | BEM X BEATLAB,7505,"s치bado, noviembre 29, 2025, 03:00",Validado,28,jeronimofrizza7@gmail.com
CARLOS ALFONSIN | VIERNES 28 DE NOVIEMBRE | BEM X BEATLAB,7505,"s치bado, noviembre 29, 2025, 04:00",Validado,5,jeronimofrizza7@gmail.com
CLIENTES SUNSET EL ROBLE 28-11,7631,"s치bado, enero 1, 2000, 01:00",No Ingresado,203,
CLIENTES SUNSET EL ROBLE 28-11,7631,"viernes, noviembre 28, 2025, 18:00",Validado,6,validadoreselroble@venti.la
CLIENTES SUNSET EL ROBLE 28-11,7631,"viernes, noviembre 28, 2025, 19:00",Validado,4,validadoreselroble@venti.la
CLIENTES SUNSET EL ROBLE 28-11,7631,"viernes, noviembre 28, 2025, 20:00",Validado,11,validadoreselroble@venti.la
CLIENTES SUNSET EL ROBLE 28-11,7631,"viernes, noviembre 28, 2025, 21:00",Validado,12,validadoreselroble@venti.la
CLIENTES SUNSET EL ROBLE 28-11,7631,"viernes, noviembre 28, 2025, 22:00",Validado,22,validadoreselroble@venti.la
CLIENTES SUNSET EL ROBLE 28-11,7631,"viernes, noviembre 28, 2025, 23:00",Validado,22,validadoreselroble@venti.la
CLIENTES YARD 29/11,7537,"s치bado, enero 1, 2000, 01:00",No Ingresado,109,
CLIENTES YARD 29/11,7537,"s치bado, noviembre 29, 2025, 20:00",Validado,32,validadoreselroble@venti.la
CLIENTES YARD 29/11,7537,"s치bado, noviembre 29, 2025, 21:00",Validado,191,validadoreselroble@venti.la
CLIENTES YARD 29/11,7537,"s치bado, noviembre 29, 2025, 22:00",Validado,312,validadoreselroble@venti.la
CLIENTES YARD 29/11,7537,"s치bado, noviembre 29, 2025, 23:00",Validado,20,validadoreselroble@venti.la
CLUB QUBA | QUEVES 27.11,7633,"s치bado, enero 1, 2000, 01:00",No Ingresado,863,
CLUB QUBA | QUEVES 27.11,7633,"jueves, noviembre 27, 2025, 22:00",Validado,2,Quba-validador@venti.la
CLUB QUBA | QUEVES 27.11,7633,"jueves, noviembre 27, 2025, 23:00",Validado,179,Quba-validador@venti.la
CLUB QUBA | QUEVES 27.11,7633,"viernes, noviembre 28, 2025, 00:00",Validado,10,Quba-validador@venti.la
CLUB QUBA | QUEVES 27.11,7633,"viernes, noviembre 28, 2025, 01:00",Validado,20,Quba-validador@venti.la
CLUB QUBA | QUEVES 27.11,7633,"viernes, noviembre 28, 2025, 02:00",Validado,13,Quba-validador@venti.la
CLUB QUBA | QUEVES 27.11,7633,"viernes, noviembre 28, 2025, 03:00",Validado,7,Quba-validador@venti.la
CLUB QUBA | S츼BADO 29.11,7612,"s치bado, enero 1, 2000, 01:00",No Ingresado,100,
CLUB QUBA | S츼BADO 29.11,7612,"domingo, noviembre 30, 2025, 00:00",Validado,24,Quba-validador@venti.la
CLUB QUBA | S츼BADO 29.11,7612,"domingo, noviembre 30, 2025, 01:00",Validado,19,Quba-validador@venti.la
CLUB QUBA | S츼BADO 29.11,7612,"domingo, noviembre 30, 2025, 03:00",Validado,4,Quba-validador@venti.la
Cumplea침os Beni 游삟,7677,"s치bado, enero 1, 2000, 01:00",No Ingresado,81,
Cumplea침os Beni 游삟,7677,"s치bado, noviembre 29, 2025, 22:00",Validado,3,duneparkclub@gmail.com
Cumplea침os Beni 游삟,7677,"s치bado, noviembre 29, 2025, 23:00",Validado,21,duneparkclub@gmail.com
Cumplea침os Beni 游삟,7677,"domingo, noviembre 30, 2025, 00:00",Validado,62,duneparkclub@gmail.com
Cumplea침os Beni 游삟,7677,"domingo, noviembre 30, 2025, 01:00",Validado,66,duneparkclub@gmail.com
Cumplea침os Beni 游삟,7677,"domingo, noviembre 30, 2025, 02:00",Validado,39,duneparkclub@gmail.com
Cumplea침os Beni 游삟,7677,"domingo, noviembre 30, 2025, 03:00",Validado,15,duneparkclub@gmail.com
Cumplea침os Beni 游삟,7677,"domingo, noviembre 30, 2025, 04:00",Validado,2,duneparkclub@gmail.com
CUMPLEA칌OS PRIVADO (SIN ENTRADA),7553,"s치bado, enero 1, 2000, 01:00",No Ingresado,139,
CUMPLEA칌OS PRIVADO (SIN ENTRADA),7553,"viernes, noviembre 28, 2025, 19:00",Validado,4,newrockclub2017@gmail.com
CUMPLEA칌OS PRIVADO (SIN ENTRADA),7553,"viernes, noviembre 28, 2025, 20:00",Validado,34,newrockclub2017@gmail.com
CUMPLEA칌OS PRIVADO (SIN ENTRADA),7553,"viernes, noviembre 28, 2025, 21:00",Validado,32,newrockclub2017@gmail.com
CUMPLEA칌OS PRIVADO (SIN ENTRADA),7553,"viernes, noviembre 28, 2025, 22:00",Validado,32,newrockclub2017@gmail.com
CUMPLEA칌OS PRIVADO (SIN ENTRADA),7553,"viernes, noviembre 28, 2025, 23:00",Validado,5,newrockclub2017@gmail.com
DATA LOCAL | BICINENA + MORFAR,7600,"s치bado, enero 1, 2000, 01:00",No Ingresado,346,
DATA LOCAL | BICINENA + MORFAR,7600,"jueves, noviembre 27, 2025, 20:00",Validado,27,hola.somos.bela@gmail.com
DATA LOCAL | BICINENA + MORFAR,7600,"jueves, noviembre 27, 2025, 21:00",Validado,116,hola.somos.bela@gmail.com
DATA LOCAL | BICINENA + MORFAR,7600,"jueves, noviembre 27, 2025, 22:00",Validado,73,hola.somos.bela@gmail.com
DATA LOCAL | BICINENA + MORFAR,7600,"jueves, noviembre 27, 2025, 23:00",Validado,7,hola.somos.bela@gmail.com
DEVIL RAYS Y MAY MC LAREN,7058,"s치bado, enero 1, 2000, 01:00",No Ingresado,"1,542",
DEVIL RAYS Y MAY MC LAREN,7058,"domingo, noviembre 30, 2025, 00:00",Validado,197,under-qr
DEVIL RAYS Y MAY MC LAREN,7058,"domingo, noviembre 30, 2025, 01:00",Validado,130,under-qr
DEVIL RAYS Y MAY MC LAREN,7058,"domingo, noviembre 30, 2025, 02:00",Validado,63,under-qr
DEVIL RAYS Y MAY MC LAREN,7058,"domingo, noviembre 30, 2025, 03:00",Validado,27,under-qr
DEVIL RAYS Y MAY MC LAREN,7058,"domingo, noviembre 30, 2025, 04:00",Validado,7,under-qr
Distopia #001,7405,"s치bado, enero 1, 2000, 01:00",No Ingresado,31,
Distopia #001,7405,"s치bado, noviembre 29, 2025, 00:00",Validado,4,manager.tcq@gmail.com
Distopia #001,7405,"s치bado, noviembre 29, 2025, 01:00",Validado,4,manager.tcq@gmail.com
EGRESADO DON BOSCO ,7246,"s치bado, enero 1, 2000, 01:00",No Ingresado,653,
EGRESADO DON BOSCO ,7246,"martes, noviembre 25, 2025, 23:00",Validado,39,ivanetel465@gmail.com
EGRESADO DON BOSCO ,7246,"mi칠rcoles, noviembre 26, 2025, 00:00",Validado,116,ivanetel465@gmail.com
EGRESADO DON BOSCO ,7246,"mi칠rcoles, noviembre 26, 2025, 01:00",Validado,172,ivanetel465@gmail.com
EGRESADO DON BOSCO ,7246,"mi칠rcoles, noviembre 26, 2025, 02:00",Validado,3,ivanetel465@gmail.com
"El Club de la Serpiente, El Sue침o de la Serpiente - 23 de Noviembre- Stadium, La Normandina - Mar del Plata",7212,"s치bado, enero 1, 2000, 01:00",No Ingresado,97,
"El Club de la Serpiente, El Sue침o de la Serpiente - 23 de Noviembre- Stadium, La Normandina - Mar del Plata",7212,"lunes, noviembre 24, 2025, 00:00",Validado,79,qr-serpiente
"El Club de la Serpiente, El Sue침o de la Serpiente - 23 de Noviembre- Stadium, La Normandina - Mar del Plata",7212,"lunes, noviembre 24, 2025, 01:00",Validado,220,qr-serpiente
"El Club de la Serpiente, El Sue침o de la Serpiente - 23 de Noviembre- Stadium, La Normandina - Mar del Plata",7212,"lunes, noviembre 24, 2025, 02:00",Validado,160,qr-serpiente
"El Club de la Serpiente, El Sue침o de la Serpiente - 23 de Noviembre- Stadium, La Normandina - Mar del Plata",7212,"lunes, noviembre 24, 2025, 03:00",Validado,5,qr-serpiente
"El Club de la Serpiente, El Sue침o de la Serpiente - 23 de Noviembre- Stadium, La Normandina - Mar del Plata",7212,"lunes, noviembre 24, 2025, 19:00",Validado,3,qr-serpiente
El Mundo Imaginario - ANTU - Fauna Midi,7388,"s치bado, enero 1, 2000, 01:00",No Ingresado,5,
El Mundo Imaginario - ANTU - Fauna Midi,7388,"viernes, noviembre 28, 2025, 21:00",Validado,6,xrxxxo@gmail.com
El Mundo Imaginario - ANTU - Fauna Midi,7388,"viernes, noviembre 28, 2025, 22:00",Validado,3,xrxxxo@gmail.com
ENZO SIRAGUSA ,6864,"s치bado, enero 1, 2000, 01:00",No Ingresado,93,
ENZO SIRAGUSA ,6864,"domingo, noviembre 30, 2025, 00:00",Validado,11,tataemasep@gmail.com
ENZO SIRAGUSA ,6864,"domingo, noviembre 30, 2025, 01:00",Validado,60,tataemasep@gmail.com
ENZO SIRAGUSA ,6864,"domingo, noviembre 30, 2025, 02:00",Validado,116,tataemasep@gmail.com
ENZO SIRAGUSA ,6864,"domingo, noviembre 30, 2025, 03:00",Validado,30,tataemasep@gmail.com
ENZO SIRAGUSA ,6864,"domingo, noviembre 30, 2025, 04:00",Validado,16,tataemasep@gmail.com
ETHRAL SHOWCASE | ANA RS - BRUNO LEDESMA - LUCAS SILVERO,7284,"s치bado, enero 1, 2000, 01:00",No Ingresado,723,
ETHRAL SHOWCASE | ANA RS - BRUNO LEDESMA - LUCAS SILVERO,7284,"lunes, noviembre 24, 2025, 00:00",Validado,94,under-qr
ETHRAL SHOWCASE | ANA RS - BRUNO LEDESMA - LUCAS SILVERO,7284,"lunes, noviembre 24, 2025, 01:00",Validado,24,under-qr
ETHRAL SHOWCASE | ANA RS - BRUNO LEDESMA - LUCAS SILVERO,7284,"lunes, noviembre 24, 2025, 02:00",Validado,13,under-qr
ETHRAL SHOWCASE | ANA RS - BRUNO LEDESMA - LUCAS SILVERO,7284,"lunes, noviembre 24, 2025, 03:00",Validado,10,under-qr
FESTIVAL DATA JAZZ,7583,"s치bado, enero 1, 2000, 01:00",No Ingresado,237,
Fiesta BRESH en Villa Carlos Paz (Noviembre),7329,"s치bado, enero 1, 2000, 01:00",No Ingresado,58,
Fiesta BRESH en Villa Carlos Paz (Noviembre),7329,"lunes, noviembre 24, 2025, 00:00",Validado,24,carolina@fiestabresh.com
Fiesta BRESH en Villa Carlos Paz (Noviembre),7329,"lunes, noviembre 24, 2025, 01:00",Validado,94,carolina@fiestabresh.com
Fiesta BRESH en Villa Carlos Paz (Noviembre),7329,"lunes, noviembre 24, 2025, 02:00",Validado,63,carolina@fiestabresh.com
Fiesta BRESH en Villa Carlos Paz (Noviembre),7329,"lunes, noviembre 24, 2025, 03:00",Validado,11,carolina@fiestabresh.com
Fiesta interempresas en La Finquita,6485,"s치bado, enero 1, 2000, 01:00",No Ingresado,70,
Fiesta interempresas en La Finquita,6485,"viernes, noviembre 28, 2025, 19:00",Validado,132,validadorlafinquita@gmail.com
Fiesta interempresas en La Finquita,6485,"viernes, noviembre 28, 2025, 20:00",Validado,171,validadorlafinquita@gmail.com
Fiesta interempresas en La Finquita,6485,"viernes, noviembre 28, 2025, 21:00",Validado,41,validadorlafinquita@gmail.com
Fiesta interempresas en La Finquita,6485,"viernes, noviembre 28, 2025, 22:00",Validado,5,validadorlafinquita@gmail.com
Fiesta interempresas en La Finquita,6485,"viernes, noviembre 28, 2025, 23:00",Validado,1,validadorlafinquita@gmail.com
FLENI - FIN DE A칌O @Ren칠e,7393,"s치bado, enero 1, 2000, 01:00",No Ingresado,10,
FLENI - FIN DE A칌O @Ren칠e,7393,"s치bado, noviembre 29, 2025, 21:00",Validado,12,reneevalidador@gmail.com
FLENI - FIN DE A칌O @Ren칠e,7393,"s치bado, noviembre 29, 2025, 22:00",Validado,12,reneevalidador@gmail.com
FLENI - FIN DE A칌O @Ren칠e,7393,"domingo, noviembre 30, 2025, 00:00",Validado,14,reneevalidador@gmail.com
FLENI - FIN DE A칌O @Ren칠e,7393,"domingo, noviembre 30, 2025, 01:00",Validado,17,reneevalidador@gmail.com
FOMO X QUBA | S츼BADO 29.11,7648,"s치bado, enero 1, 2000, 01:00",No Ingresado,426,
FOMO X QUBA | S츼BADO 29.11,7648,"domingo, noviembre 30, 2025, 00:00",Validado,73,Quba-validador@venti.la
FOMO X QUBA | S츼BADO 29.11,7648,"domingo, noviembre 30, 2025, 01:00",Validado,72,Quba-validador@venti.la
FOMO X QUBA | S츼BADO 29.11,7648,"domingo, noviembre 30, 2025, 02:00",Validado,30,Quba-validador@venti.la
FOMO X QUBA | S츼BADO 29.11,7648,"domingo, noviembre 30, 2025, 03:00",Validado,8,Quba-validador@venti.la
FOMO X QUBA | S츼BADO 29.11,7648,"domingo, noviembre 30, 2025, 04:00",Validado,2,Quba-validador@venti.la
HABITACIONES - MUSHROOM By 2GTHR,7100,"s치bado, enero 1, 2000, 01:00",No Ingresado,12,
HOLY BRIT VOL III,7673,"s치bado, enero 1, 2000, 01:00",No Ingresado,12,
INDIOS,7146,"s치bado, enero 1, 2000, 01:00",No Ingresado,14,
Innervisions - 23 de Noviembre,6853,"s치bado, enero 1, 2000, 01:00",No Ingresado,"1,224",
Innervisions - 23 de Noviembre,6853,"domingo, noviembre 23, 2025, 22:00",Validado,17,innvervalidador@venti.la
Innervisions - 23 de Noviembre,6853,"domingo, noviembre 23, 2025, 23:00",Validado,385,innvervalidador@venti.la
Innervisions - 23 de Noviembre,6853,"lunes, noviembre 24, 2025, 00:00",Validado,760,innvervalidador@venti.la
Innervisions - 23 de Noviembre,6853,"lunes, noviembre 24, 2025, 01:00",Validado,801,innvervalidador@venti.la
Innervisions - 23 de Noviembre,6853,"lunes, noviembre 24, 2025, 02:00",Validado,241,innvervalidador@venti.la
Innervisions - 23 de Noviembre,6853,"lunes, noviembre 24, 2025, 03:00",Validado,42,innvervalidador@venti.la
Innervisions - 23 de Noviembre,6853,"lunes, noviembre 24, 2025, 04:00",Validado,7,innvervalidador@venti.la
Innervisions - 23 de Noviembre,6853,"viernes, noviembre 28, 2025, 11:00",Validado,3,innvervalidador@venti.la
Innervisions - 23 de Noviembre,6853,"viernes, noviembre 28, 2025, 19:00",Validado,1,innvervalidador@venti.la
Innervisions - 23 de Noviembre,6853,"viernes, noviembre 28, 2025, 22:00",Validado,1,innvervalidador@venti.la
Innervisions - 23 de Noviembre,6853,"s치bado, noviembre 29, 2025, 21:00",Validado,1,innvervalidador@venti.la
Innervisions - 23 de Noviembre,6853,"s치bado, noviembre 29, 2025, 23:00",Validado,1,innvervalidador@venti.la
JET Sab 29/11,7616,"s치bado, enero 1, 2000, 01:00",No Ingresado,"1,203",
JET Sab 29/11,7616,"s치bado, noviembre 29, 2025, 23:00",Validado,21,eventosadmjet1@gmail.com
JET Sab 29/11,7616,"domingo, noviembre 30, 2025, 00:00",Validado,83,eventosadmjet1@gmail.com
JET Sab 29/11,7616,"domingo, noviembre 30, 2025, 01:00",Validado,195,eventosadmjet1@gmail.com
JET Sab 29/11,7616,"domingo, noviembre 30, 2025, 02:00",Validado,161,eventosadmjet1@gmail.com
JUEVES TECHNO EN BELA > DISTANT & UMA SCHEFFER,7580,"s치bado, enero 1, 2000, 01:00",No Ingresado,798,
JUEVES TECHNO EN BELA > DISTANT & UMA SCHEFFER,7580,"jueves, noviembre 27, 2025, 23:00",Validado,5,hola.somos.bela@gmail.com
JUEVES TECHNO EN BELA > DISTANT & UMA SCHEFFER,7580,"viernes, noviembre 28, 2025, 00:00",Validado,133,hola.somos.bela@gmail.com
JUEVES TECHNO EN BELA > DISTANT & UMA SCHEFFER,7580,"viernes, noviembre 28, 2025, 01:00",Validado,31,hola.somos.bela@gmail.com
JUEVES TECHNO EN BELA > DISTANT & UMA SCHEFFER,7580,"viernes, noviembre 28, 2025, 02:00",Validado,1,hola.somos.bela@gmail.com
JUEVES TECHNO EN BELA > DISTANT & UMA SCHEFFER,7580,"viernes, noviembre 28, 2025, 03:00",Validado,2,hola.somos.bela@gmail.com
KLAV: ENZO SIRAGUSA ,7051,"s치bado, enero 1, 2000, 01:00",No Ingresado,"2,278",
KLAV: ENZO SIRAGUSA ,7051,"s치bado, noviembre 29, 2025, 00:00",Validado,25,lautaroparedes132@gmail.com
KLAV: ENZO SIRAGUSA ,7051,"s치bado, noviembre 29, 2025, 00:00",Validado,27,danibusto13.29@gmail.com
KLAV: ENZO SIRAGUSA ,7051,"s치bado, noviembre 29, 2025, 01:00",Validado,139,danibusto13.29@gmail.com
KLAV: ENZO SIRAGUSA ,7051,"s치bado, noviembre 29, 2025, 01:00",Validado,221,lautaroparedes132@gmail.com
KLAV: ENZO SIRAGUSA ,7051,"s치bado, noviembre 29, 2025, 02:00",Validado,2,validador@deseo.com
KLAV: ENZO SIRAGUSA ,7051,"s치bado, noviembre 29, 2025, 02:00",Validado,59,danibusto13.29@gmail.com
KLAV: ENZO SIRAGUSA ,7051,"s치bado, noviembre 29, 2025, 02:00",Validado,103,lautaroparedes132@gmail.com
KLAV: ENZO SIRAGUSA ,7051,"s치bado, noviembre 29, 2025, 03:00",Validado,8,danibusto13.29@gmail.com
KLAV: ENZO SIRAGUSA ,7051,"s치bado, noviembre 29, 2025, 03:00",Validado,41,lautaroparedes132@gmail.com
LCE x Ruido - Lucca (BER),7575,"s치bado, enero 1, 2000, 01:00",No Ingresado,37,
LCE x Ruido - Lucca (BER),7575,"s치bado, noviembre 29, 2025, 20:00",Validado,2,ruidovalidador@gmail.com
LCE x Ruido - Lucca (BER),7575,"s치bado, noviembre 29, 2025, 21:00",Validado,15,ruidovalidador@gmail.com
LCE x Ruido - Lucca (BER),7575,"s치bado, noviembre 29, 2025, 22:00",Validado,9,ruidovalidador@gmail.com
"MESAS - 2GTHR Open Air PRE PARTY: JONATHAN KASPAR, TANTUM @ MOROCCO, Viernes 28/11",7618,"s치bado, enero 1, 2000, 01:00",No Ingresado,3,
MIRAGE & MIXMAG - ELI BROWN - Mirage Party Session Vol. VI,7014,"s치bado, enero 1, 2000, 01:00",No Ingresado,20,
MIRAGE & MIXMAG - ELI BROWN - Mirage Party Session Vol. VI,7014,"domingo, noviembre 23, 2025, 22:00",Validado,5,mirage@validador.com
MIRAGE & MIXMAG - ELI BROWN - Mirage Party Session Vol. VI,7014,"domingo, noviembre 23, 2025, 23:00",Validado,54,mirage@validador.com
MIRAGE & MIXMAG - ELI BROWN - Mirage Party Session Vol. VI,7014,"lunes, noviembre 24, 2025, 00:00",Validado,314,mirage@validador.com
MIRAGE & MIXMAG - ELI BROWN - Mirage Party Session Vol. VI,7014,"lunes, noviembre 24, 2025, 01:00",Validado,375,mirage@validador.com
MIRAGE & MIXMAG - ELI BROWN - Mirage Party Session Vol. VI,7014,"lunes, noviembre 24, 2025, 02:00",Validado,81,mirage@validador.com
MIRAGE & MIXMAG - ELI BROWN - Mirage Party Session Vol. VI,7014,"lunes, noviembre 24, 2025, 03:00",Validado,3,mirage.producciones.ar@gmail.com
MIRAGE & MIXMAG - ELI BROWN - Mirage Party Session Vol. VI,7014,"lunes, noviembre 24, 2025, 03:00",Validado,11,mirage@validador.com
MITCH OLIVER -MAYRO x Undermove,7452,"s치bado, enero 1, 2000, 01:00",No Ingresado,14,
MITCH OLIVER -MAYRO x Undermove,7452,"domingo, noviembre 30, 2025, 00:00",Validado,2,martinfotes01@gmail.com
MITCH OLIVER -MAYRO x Undermove,7452,"domingo, noviembre 30, 2025, 00:00",Validado,7,sezequieldg@gmail.com
MITCH OLIVER -MAYRO x Undermove,7452,"domingo, noviembre 30, 2025, 00:00",Validado,10,nicolasnavarro1990nan@gmail.com
MITCH OLIVER -MAYRO x Undermove,7452,"domingo, noviembre 30, 2025, 01:00",Validado,22,sezequieldg@gmail.com
MITCH OLIVER -MAYRO x Undermove,7452,"domingo, noviembre 30, 2025, 01:00",Validado,25,nicolasnavarro1990nan@gmail.com
MITCH OLIVER -MAYRO x Undermove,7452,"domingo, noviembre 30, 2025, 02:00",Validado,6,sezequieldg@gmail.com
MUSHROOM By 2GTHR ,7081,"s치bado, enero 1, 2000, 01:00",No Ingresado,"1,235",
MUSHROOM By 2GTHR ,7081,"domingo, noviembre 30, 2025, 06:00",Validado,44,
MUSHROOM By 2GTHR ,7081,"domingo, noviembre 30, 2025, 07:00",Validado,513,
MUSHROOM By 2GTHR ,7081,"domingo, noviembre 30, 2025, 08:00",Validado,341,
MUSHROOM By 2GTHR ,7081,"domingo, noviembre 30, 2025, 09:00",Validado,218,
MUSHROOM By 2GTHR ,7081,"domingo, noviembre 30, 2025, 10:00",Validado,72,
MUSHROOM By 2GTHR ,7081,"domingo, noviembre 30, 2025, 11:00",Validado,25,
MUSHROOM By 2GTHR ,7081,"domingo, noviembre 30, 2025, 12:00",Validado,6,
NEW SCHOOL  x ARZ - 29/11,7447,"s치bado, enero 1, 2000, 01:00",No Ingresado,"1,133",
NEW SCHOOL  x ARZ - 29/11,7447,"domingo, noviembre 30, 2025, 01:00",Validado,83,Bruunoo.-@hotmail.com
NEW SCHOOL  x ARZ - 29/11,7447,"domingo, noviembre 30, 2025, 02:00",Validado,123,Bruunoo.-@hotmail.com
NEW SCHOOL  x ARZ - 29/11,7447,"domingo, noviembre 30, 2025, 03:00",Validado,2,lucho.deciervo@gmail.com
NEW SCHOOL  x ARZ - 29/11,7447,"domingo, noviembre 30, 2025, 03:00",Validado,28,Bruunoo.-@hotmail.com
NOT WELCOME PRESENTS PINCO,7629,"s치bado, enero 1, 2000, 01:00",No Ingresado,914,
NOT WELCOME PRESENTS PINCO,7629,"viernes, noviembre 28, 2025, 00:00",Validado,70,eventosadmjet1@gmail.com
NOT WELCOME PRESENTS PINCO,7629,"viernes, noviembre 28, 2025, 01:00",Validado,169,eventosadmjet1@gmail.com
NOT WELCOME PRESENTS PINCO,7629,"viernes, noviembre 28, 2025, 02:00",Validado,65,eventosadmjet1@gmail.com
ORZEN BY CHANA PRESENTA :  AXEL GIOVA . VIERNES 28 NOVIEMBRE,7358,"s치bado, enero 1, 2000, 01:00",No Ingresado,343,
ORZEN BY CHANA PRESENTA :  AXEL GIOVA . VIERNES 28 NOVIEMBRE,7358,"s치bado, noviembre 29, 2025, 00:00",Validado,13,rafaeln262@gmail.com
ORZEN BY CHANA PRESENTA :  AXEL GIOVA . VIERNES 28 NOVIEMBRE,7358,"s치bado, noviembre 29, 2025, 01:00",Validado,7,rafaeln262@gmail.com
ORZEN BY CHANA PRESENTA :  AXEL GIOVA . VIERNES 28 NOVIEMBRE,7358,"s치bado, noviembre 29, 2025, 02:00",Validado,2,rafaeln262@gmail.com
"Presentacion oficial ""Art Brut Collage"" ",7217,"s치bado, enero 1, 2000, 01:00",No Ingresado,257,
"Presentacion oficial ""Art Brut Collage"" ",7217,"domingo, noviembre 30, 2025, 20:00",Validado,37,under-qr
"Presentacion oficial ""Art Brut Collage"" ",7217,"domingo, noviembre 30, 2025, 21:00",Validado,64,under-qr
"Presentacion oficial ""Art Brut Collage"" ",7217,"domingo, noviembre 30, 2025, 22:00",Validado,20,under-qr
"Presentacion oficial ""Art Brut Collage"" ",7217,"domingo, noviembre 30, 2025, 23:00",Validado,3,under-qr
PUEBLO | DOMINGO 23/11,7509,"s치bado, enero 1, 2000, 01:00",No Ingresado,598,
PUEBLO | DOMINGO 23/11,7509,"lunes, noviembre 24, 2025, 01:00",Validado,96,Pueblo@validar.com
PUEBLO | DOMINGO 23/11,7509,"lunes, noviembre 24, 2025, 02:00",Validado,8,Pueblo@validar.com
PUEBLO | SABADO 29/11 | URBANA,6975,"s치bado, enero 1, 2000, 01:00",No Ingresado,654,
PUEBLO | SABADO 29/11 | URBANA,6975,"domingo, noviembre 30, 2025, 00:00",Validado,9,Pueblo@validar.com
PUEBLO | SABADO 29/11 | URBANA,6975,"domingo, noviembre 30, 2025, 01:00",Validado,219,Pueblo@validar.com
PUEBLO | SABADO 29/11 | URBANA,6975,"domingo, noviembre 30, 2025, 02:00",Validado,14,Pueblo@validar.com
RODA DE CUMBIA VOL.2,7601,"s치bado, enero 1, 2000, 01:00",No Ingresado,285,
RODA DE CUMBIA VOL.2,7601,"domingo, noviembre 30, 2025, 19:00",Validado,10,marianocl_82@hotmail.com
RODA DE CUMBIA VOL.2,7601,"domingo, noviembre 30, 2025, 20:00",Validado,19,marianocl_82@hotmail.com
RODA DE CUMBIA VOL.2,7601,"domingo, noviembre 30, 2025, 21:00",Validado,38,marianocl_82@hotmail.com
RODA DE CUMBIA VOL.2,7601,"domingo, noviembre 30, 2025, 22:00",Validado,15,marianocl_82@hotmail.com
SIXX CONEXXION,7286,"s치bado, enero 1, 2000, 01:00",No Ingresado,100,
SIXX CONEXXION,7286,"viernes, noviembre 28, 2025, 23:00",Validado,14,msanabriabarrios@gmail.com
SIXX CONEXXION,7286,"s치bado, noviembre 29, 2025, 00:00",Validado,62,msanabriabarrios@gmail.com
SIXX CONEXXION,7286,"s치bado, noviembre 29, 2025, 01:00",Validado,49,msanabriabarrios@gmail.com
SIXX CONEXXION,7286,"s치bado, noviembre 29, 2025, 02:00",Validado,1,under-qr
SIXX CONEXXION,7286,"s치bado, noviembre 29, 2025, 02:00",Validado,59,msanabriabarrios@gmail.com
SIXX CONEXXION,7286,"s치bado, noviembre 29, 2025, 03:00",Validado,39,msanabriabarrios@gmail.com
SUNSET EL ROBLE 28-11,7622,"s치bado, enero 1, 2000, 01:00",No Ingresado,33,
SUNSET EL ROBLE 28-11,7622,"viernes, noviembre 28, 2025, 19:00",Validado,13,validadoreselroble@venti.la
SUNSET EL ROBLE 28-11,7622,"viernes, noviembre 28, 2025, 20:00",Validado,32,validadoreselroble@venti.la
SUNSET EL ROBLE 28-11,7622,"viernes, noviembre 28, 2025, 21:00",Validado,24,validadoreselroble@venti.la
SUNSET EL ROBLE 28-11,7622,"viernes, noviembre 28, 2025, 22:00",Validado,9,validadoreselroble@venti.la
SUNSET EL ROBLE 28-11,7622,"viernes, noviembre 28, 2025, 23:00",Validado,1,validadoreselroble@venti.la
SWERV ANIVERSARIO,7150,"s치bado, enero 1, 2000, 01:00",No Ingresado,34,
SWERV ANIVERSARIO,7150,"viernes, noviembre 28, 2025, 23:00",Validado,5,duneparkclub@gmail.com
SWERV ANIVERSARIO,7150,"s치bado, noviembre 29, 2025, 00:00",Validado,11,duneparkclub@gmail.com
SWERV ANIVERSARIO,7150,"s치bado, noviembre 29, 2025, 01:00",Validado,49,duneparkclub@gmail.com
SWERV ANIVERSARIO,7150,"s치bado, noviembre 29, 2025, 02:00",Validado,55,duneparkclub@gmail.com
SWERV ANIVERSARIO,7150,"s치bado, noviembre 29, 2025, 03:00",Validado,4,duneparkclub@gmail.com
TABA FEST - 29/11 ,7606,"s치bado, enero 1, 2000, 01:00",No Ingresado,94,
TABA FEST - 29/11 ,7606,"domingo, noviembre 30, 2025, 01:00",Validado,48,Bruunoo.-@hotmail.com
TABA FEST - 29/11 ,7606,"domingo, noviembre 30, 2025, 02:00",Validado,27,Bruunoo.-@hotmail.com
TAYHANA,7346,"s치bado, enero 1, 2000, 01:00",No Ingresado,175,
TAYHANA,7346,"s치bado, noviembre 29, 2025, 00:00",Validado,92,hola.somos.bela@gmail.com
TAYHANA,7346,"s치bado, noviembre 29, 2025, 01:00",Validado,91,hola.somos.bela@gmail.com
TAYHANA,7346,"s치bado, noviembre 29, 2025, 02:00",Validado,35,hola.somos.bela@gmail.com
TAYHANA,7346,"s치bado, noviembre 29, 2025, 03:00",Validado,7,hola.somos.bela@gmail.com
TECHNOIR 16 A칌OS x  TCQ BAR CULTURAL ,7276,"s치bado, enero 1, 2000, 01:00",No Ingresado,255,
TECHNOIR 16 A칌OS x  TCQ BAR CULTURAL ,7276,"lunes, noviembre 24, 2025, 00:00",Validado,20,manager.tcq@gmail.com
TECHNOIR 16 A칌OS x  TCQ BAR CULTURAL ,7276,"lunes, noviembre 24, 2025, 01:00",Validado,22,manager.tcq@gmail.com
TECHNOIR 16 A칌OS x  TCQ BAR CULTURAL ,7276,"lunes, noviembre 24, 2025, 02:00",Validado,1,manager.tcq@gmail.com
TECNOTECSI SHOWCASE x TCQ Bar Cultural,7259,"s치bado, enero 1, 2000, 01:00",No Ingresado,7,
TECNOTECSI SHOWCASE x TCQ Bar Cultural,7259,"domingo, noviembre 30, 2025, 01:00",Validado,6,manager.tcq@gmail.com
TECNOTECSI SHOWCASE x TCQ Bar Cultural,7259,"domingo, noviembre 30, 2025, 02:00",Validado,5,manager.tcq@gmail.com
TECNOTECSI SHOWCASE x TCQ Bar Cultural,7259,"domingo, noviembre 30, 2025, 03:00",Validado,1,manager.tcq@gmail.com
TSP Sunset Sessions Vol. 2,7545,"s치bado, enero 1, 2000, 01:00",No Ingresado,1,
VEIST & SUONO PRESENTAN FRANCO DALMATI,7349,"s치bado, enero 1, 2000, 01:00",No Ingresado,78,
VEIST & SUONO PRESENTAN FRANCO DALMATI,7349,"domingo, noviembre 23, 2025, 23:00",Validado,2,duneparkclub@gmail.com
VEIST & SUONO PRESENTAN FRANCO DALMATI,7349,"lunes, noviembre 24, 2025, 00:00",Validado,27,duneparkclub@gmail.com
VEIST & SUONO PRESENTAN FRANCO DALMATI,7349,"lunes, noviembre 24, 2025, 01:00",Validado,40,duneparkclub@gmail.com
VEIST & SUONO PRESENTAN FRANCO DALMATI,7349,"lunes, noviembre 24, 2025, 02:00",Validado,11,duneparkclub@gmail.com
VEIST & SUONO PRESENTAN FRANCO DALMATI,7349,"lunes, noviembre 24, 2025, 03:00",Validado,1,duneparkclub@gmail.com
VEIST & SUONO PRESENTAN FRANCO DALMATI,7349,"lunes, noviembre 24, 2025, 05:00",Validado,1,duneparkclub@gmail.com
VEIST & SUONO PRESENTAN FRANCO DALMATI,7349,"s치bado, noviembre 29, 2025, 23:00",Validado,1,duneparkclub@gmail.com
YARD 29/11,7522,"s치bado, enero 1, 2000, 01:00",No Ingresado,9,
YARD 29/11,7522,"s치bado, noviembre 29, 2025, 18:00",Validado,6,validadoreselroble@venti.la
YARD 29/11,7522,"s치bado, noviembre 29, 2025, 19:00",Validado,2,validadoreselroble@venti.la
YARD 29/11,7522,"s치bado, noviembre 29, 2025, 20:00",Validado,34,validadoreselroble@venti.la
YARD 29/11,7522,"s치bado, noviembre 29, 2025, 21:00",Validado,112,validadoreselroble@venti.la
YARD 29/11,7522,"s치bado, noviembre 29, 2025, 22:00",Validado,161,validadoreselroble@venti.la
YARD 29/11,7522,"s치bado, noviembre 29, 2025, 23:00",Validado,14,validadoreselroble@venti.la
YARD 29/11,7522,"domingo, noviembre 30, 2025, 00:00",Validado,2,validadoreselroble@venti.la
YUNGA: RUMBO TUMBA + NATALIA DOCO,7289,"s치bado, enero 1, 2000, 01:00",No Ingresado,17,
YUNGA: RUMBO TUMBA + NATALIA DOCO,7289,"viernes, noviembre 28, 2025, 20:00",Validado,29,hola.somos.bela@gmail.com
YUNGA: RUMBO TUMBA + NATALIA DOCO,7289,"viernes, noviembre 28, 2025, 21:00",Validado,12,hola.somos.bela@gmail.com
YUNGA: RUMBO TUMBA + NATALIA DOCO,7289,"viernes, noviembre 28, 2025, 22:00",Validado,2,hola.somos.bela@gmail.com
