Event Name,TEMP ID,TEMP Validation Time,Status,Total Validado,TEMP Usuarios de Validadores
 AURA 9-08,6297,"s치bado, enero 1, 2000, 01:00",No Ingresado,20,
 AURA 9-08,6297,"s치bado, agosto 9, 2025, 18:00",Validado,2,
 AURA 9-08,6297,"s치bado, agosto 9, 2025, 19:00",Validado,15,
 AURA 9-08,6297,"s치bado, agosto 9, 2025, 20:00",Validado,30,
 AURA 9-08,6297,"s치bado, agosto 9, 2025, 21:00",Validado,193,
 AURA 9-08,6297,"s치bado, agosto 9, 2025, 22:00",Validado,180,
 AURA 9-08,6297,"s치bado, agosto 9, 2025, 23:00",Validado,14,
 AURA 9-08,6297,"martes, agosto 12, 2025, 19:00",Validado,1,
 AURA 9-08,6297,"viernes, septiembre 12, 2025, 11:00",Validado,1,
游댠 FRACTAL AFTER OFFICE  + MINAU RADIO 游댠,6441,"s치bado, enero 1, 2000, 01:00",No Ingresado,23,
游댠 FRACTAL AFTER OFFICE  + MINAU RADIO 游댠,6441,"viernes, agosto 8, 2025, 22:00",Validado,2,
游댠 FRACTAL AFTER OFFICE  + MINAU RADIO 游댠,6441,"viernes, agosto 8, 2025, 23:00",Validado,8,
游댠 FRACTAL AFTER OFFICE  + MINAU RADIO 游댠,6441,"s치bado, agosto 9, 2025, 00:00",Validado,4,
09.08 | ANIVERSARIO ANAN츼 | Doble pista en Fruta ,6360,"s치bado, enero 1, 2000, 01:00",No Ingresado,36,
09.08 | ANIVERSARIO ANAN츼 | Doble pista en Fruta ,6360,"s치bado, agosto 9, 2025, 22:00",Validado,41,
09.08 | ANIVERSARIO ANAN츼 | Doble pista en Fruta ,6360,"s치bado, agosto 9, 2025, 23:00",Validado,83,
09.08 | ANIVERSARIO ANAN츼 | Doble pista en Fruta ,6360,"domingo, agosto 10, 2025, 00:00",Validado,32,
09.08 | ANIVERSARIO ANAN츼 | Doble pista en Fruta ,6360,"domingo, agosto 10, 2025, 01:00",Validado,97,
09.08 | ANIVERSARIO ANAN츼 | Doble pista en Fruta ,6360,"domingo, agosto 10, 2025, 02:00",Validado,164,
09.08 | ANIVERSARIO ANAN츼 | Doble pista en Fruta ,6360,"domingo, agosto 10, 2025, 03:00",Validado,39,
09.08 | KABI (AR) PISTA B ,6398,"s치bado, enero 1, 2000, 01:00",No Ingresado,53,
09.08 | KABI (AR) PISTA B ,6398,"domingo, agosto 10, 2025, 01:00",Validado,11,
09.08 | KABI (AR) PISTA B ,6398,"domingo, agosto 10, 2025, 02:00",Validado,12,
09.08 | KABI (AR) PISTA B ,6398,"domingo, agosto 10, 2025, 03:00",Validado,7,
"19H - ""GOTTEN"" por ORKGOTIK",6375,"s치bado, enero 1, 2000, 01:00",No Ingresado,3,
"19H - ""GOTTEN"" por ORKGOTIK",6375,"martes, agosto 5, 2025, 19:00",Validado,27,
"20H - ""GOTTEN"" por ORKGOTIK",6376,"s치bado, enero 1, 2000, 01:00",No Ingresado,2,
"20H - ""GOTTEN"" por ORKGOTIK",6376,"martes, agosto 5, 2025, 20:00",Validado,23,
"21 H -  ""GOTTEN"" por ORKGOTIK",6378,"s치bado, enero 1, 2000, 01:00",No Ingresado,1,
"21 H -  ""GOTTEN"" por ORKGOTIK",6378,"martes, agosto 5, 2025, 21:00",Validado,29,
"2GTHR Pres: MAT칈AS SUNDBLAD @ Morocco, Viernes 08.08",6198,"s치bado, enero 1, 2000, 01:00",No Ingresado,"5,352",
"2GTHR Pres: MAT칈AS SUNDBLAD @ Morocco, Viernes 08.08",6198,"s치bado, agosto 9, 2025, 00:00",Validado,192,
"2GTHR Pres: MAT칈AS SUNDBLAD @ Morocco, Viernes 08.08",6198,"s치bado, agosto 9, 2025, 01:00",Validado,419,
"2GTHR Pres: MAT칈AS SUNDBLAD @ Morocco, Viernes 08.08",6198,"s치bado, agosto 9, 2025, 02:00",Validado,36,
"2GTHR Pres: MAT칈AS SUNDBLAD @ Morocco, Viernes 08.08",6198,"lunes, septiembre 1, 2025, 18:00",Validado,1,
"2GTHR Pres: MAT칈AS SUNDBLAD @ Morocco, Viernes 08.08",6198,"martes, septiembre 16, 2025, 12:00",Validado,1,
4SIDE CLUB SESSION | 9.08,5953,"s치bado, enero 1, 2000, 01:00",No Ingresado,277,
4SIDE CLUB SESSION | 9.08,5953,"domingo, agosto 10, 2025, 00:00",Validado,12,
4SIDE CLUB SESSION | 9.08,5953,"domingo, agosto 10, 2025, 01:00",Validado,86,
4SIDE CLUB SESSION | 9.08,5953,"domingo, agosto 10, 2025, 02:00",Validado,33,
4SIDE CLUB SESSION | 9.08,5953,"martes, septiembre 9, 2025, 18:00",Validado,3,
4SIDE CLUB SESSION | 9.08,5953,"jueves, septiembre 11, 2025, 22:00",Validado,1,
5To fest kineo ,6156,"s치bado, enero 1, 2000, 01:00",No Ingresado,455,
5To fest kineo ,6156,"domingo, agosto 10, 2025, 00:00",Validado,4,
5To fest kineo ,6156,"domingo, agosto 10, 2025, 01:00",Validado,69,
5To fest kineo ,6156,"domingo, agosto 10, 2025, 02:00",Validado,265,
5To fest kineo ,6156,"domingo, agosto 10, 2025, 03:00",Validado,29,
5To fest kineo ,6156,"viernes, agosto 22, 2025, 23:00",Validado,1,
5To fest kineo ,6156,"lunes, septiembre 1, 2025, 17:00",Validado,1,
ADHILA | CZUMA | EQ LIGHT @ THE GALLERY,6410,"s치bado, enero 1, 2000, 01:00",No Ingresado,1,
ADHILA | CZUMA | EQ LIGHT @ THE GALLERY,6410,"domingo, agosto 10, 2025, 07:00",Validado,17,
ADHILA | CZUMA | EQ LIGHT @ THE GALLERY,6410,"domingo, agosto 10, 2025, 08:00",Validado,8,
ADHILA | CZUMA | EQ LIGHT @ THE GALLERY,6410,"domingo, agosto 10, 2025, 10:00",Validado,3,
ADHILA | CZUMA | EQ LIGHT @ THE GALLERY,6410,"martes, septiembre 16, 2025, 14:00",Validado,1,
Bealive presenta: SARKANY WHY NOT en Costa 7070,6406,"s치bado, enero 1, 2000, 01:00",No Ingresado,255,
Bealive presenta: SARKANY WHY NOT en Costa 7070,6406,"jueves, agosto 7, 2025, 22:00",Validado,2,
Bealive presenta: SARKANY WHY NOT en Costa 7070,6406,"jueves, agosto 7, 2025, 23:00",Validado,39,
Bealive presenta: SARKANY WHY NOT en Costa 7070,6406,"viernes, agosto 8, 2025, 00:00",Validado,45,
Bealive presenta: SARKANY WHY NOT en Costa 7070,6406,"viernes, agosto 8, 2025, 01:00",Validado,2,
Bealive presenta: SARKANY WHY NOT en Costa 7070,6406,"mi칠rcoles, agosto 13, 2025, 00:00",Validado,2,
BLACK CREAM DOMINGO DJ SET DON OMAR ,6405,"s치bado, enero 1, 2000, 01:00",No Ingresado,710,
BLACK CREAM DOMINGO DJ SET DON OMAR ,6405,"lunes, agosto 4, 2025, 00:00",Validado,15,
BLACK CREAM DOMINGO DJ SET DON OMAR ,6405,"lunes, agosto 4, 2025, 01:00",Validado,342,
BLACK CREAM DOMINGO DJ SET DON OMAR ,6405,"lunes, agosto 4, 2025, 02:00",Validado,88,
BLACK CREAM DOMINGO DJ SET DON OMAR ,6405,"lunes, agosto 4, 2025, 03:00",Validado,15,
BLACK CREAM DOMINGO DJ SET DON OMAR ,6405,"jueves, agosto 7, 2025, 23:00",Validado,1,
BLACK CREAM DOMINGO DJ SET DON OMAR ,6405,"viernes, agosto 15, 2025, 00:00",Validado,3,
BLACK CREAM DOMINGO DJ SET DON OMAR ,6405,"s치bado, agosto 16, 2025, 09:00",Validado,1,
BLACK CREAM DOMINGO DJ SET DON OMAR ,6405,"mi칠rcoles, agosto 27, 2025, 18:00",Validado,2,
BLACK CREAM DOMINGO DJ SET DON OMAR ,6405,"jueves, septiembre 4, 2025, 11:00",Validado,1,
BLACK CREAM DOMINGO DJ SET DON OMAR ,6405,"viernes, septiembre 5, 2025, 01:00",Validado,1,
BLACK CREAM DOMINGO DJ SET DON OMAR ,6405,"s치bado, septiembre 13, 2025, 06:00",Validado,1,
BLACK CREAM JUEVES REGGAETON OLD SCHOOL OG,6418,"s치bado, enero 1, 2000, 01:00",No Ingresado,748,
BLACK CREAM JUEVES REGGAETON OLD SCHOOL OG,6418,"viernes, agosto 8, 2025, 00:00",Validado,34,
BLACK CREAM JUEVES REGGAETON OLD SCHOOL OG,6418,"viernes, agosto 8, 2025, 01:00",Validado,354,
BLACK CREAM JUEVES REGGAETON OLD SCHOOL OG,6418,"viernes, agosto 8, 2025, 02:00",Validado,128,
BLACK CREAM JUEVES REGGAETON OLD SCHOOL OG,6418,"viernes, agosto 8, 2025, 03:00",Validado,25,
BLACK CREAM JUEVES REGGAETON OLD SCHOOL OG,6418,"jueves, agosto 14, 2025, 12:00",Validado,1,
BLACK CREAM JUEVES REGGAETON OLD SCHOOL OG,6418,"jueves, agosto 14, 2025, 14:00",Validado,1,
BLACK CREAM JUEVES REGGAETON OLD SCHOOL OG,6418,"viernes, agosto 15, 2025, 23:00",Validado,2,
BLACK CREAM JUEVES REGGAETON OLD SCHOOL OG,6418,"s치bado, agosto 16, 2025, 09:00",Validado,1,
BLACK CREAM JUEVES REGGAETON OLD SCHOOL OG,6418,"s치bado, agosto 16, 2025, 10:00",Validado,1,
BLACK CREAM JUEVES REGGAETON OLD SCHOOL OG,6418,"jueves, septiembre 4, 2025, 11:00",Validado,1,
BLACK CREAM JUEVES REGGAETON OLD SCHOOL OG,6418,"viernes, septiembre 5, 2025, 01:00",Validado,1,
BLACK CREAM JUEVES REGGAETON OLD SCHOOL OG,6418,"viernes, septiembre 12, 2025, 23:00",Validado,1,
Black Jagger Club - Night 9/8,6413,"s치bado, enero 1, 2000, 01:00",No Ingresado,363,
Black Jagger Club - Night 9/8,6413,"domingo, agosto 10, 2025, 00:00",Validado,16,
Black Jagger Club - Night 9/8,6413,"domingo, agosto 10, 2025, 01:00",Validado,395,
Black Jagger Club - Night 9/8,6413,"domingo, agosto 10, 2025, 02:00",Validado,123,
Black Jagger Club - Night 9/8,6413,"domingo, agosto 10, 2025, 03:00",Validado,1,
Black Jagger Club - Night 9/8,6413,"lunes, agosto 11, 2025, 22:00",Validado,1,
Black Jagger Club - Night 9/8,6413,"mi칠rcoles, agosto 13, 2025, 10:00",Validado,5,
Black Jagger Club - Night 9/8,6413,"jueves, agosto 14, 2025, 13:00",Validado,2,
Black Jagger Club - Night 9/8,6413,"jueves, agosto 14, 2025, 19:00",Validado,1,
Black Jagger Club - Night 9/8,6413,"s치bado, agosto 16, 2025, 14:00",Validado,1,
Black Jagger Club - Night 9/8,6413,"mi칠rcoles, agosto 27, 2025, 06:00",Validado,1,
Black Jagger Club - Night 9/8,6413,"jueves, agosto 28, 2025, 08:00",Validado,1,
Black Jagger Club - Night 9/8,6413,"s치bado, agosto 30, 2025, 00:00",Validado,2,
Black Jagger Club - Night 9/8,6413,"lunes, septiembre 1, 2025, 13:00",Validado,1,
Black Jagger Club - Night 9/8,6413,"martes, septiembre 2, 2025, 10:00",Validado,1,
Black Jagger Club - Night 9/8,6413,"martes, septiembre 2, 2025, 15:00",Validado,1,
Black Jagger Club - Night 9/8,6413,"jueves, septiembre 4, 2025, 13:00",Validado,1,
Black Jagger Club - Night 9/8,6413,"s치bado, septiembre 6, 2025, 13:00",Validado,1,
Black Jagger Club - Night 9/8,6413,"jueves, septiembre 11, 2025, 21:00",Validado,1,
Black Jagger Club - Night 9/8,6413,"lunes, septiembre 15, 2025, 16:00",Validado,1,
BOSCO SUNSET VIERNES 8/08,6177,"s치bado, enero 1, 2000, 01:00",No Ingresado,79,
BOSCO SUNSET VIERNES 8/08,6177,"viernes, agosto 8, 2025, 20:00",Validado,38,
BOSCO SUNSET VIERNES 8/08,6177,"viernes, agosto 8, 2025, 21:00",Validado,63,
BOSCO SUNSET VIERNES 8/08,6177,"viernes, agosto 8, 2025, 22:00",Validado,197,
BOSCO SUNSET VIERNES 8/08,6177,"viernes, agosto 8, 2025, 23:00",Validado,34,
BOSCO SUNSET VIERNES 8/08,6177,"martes, agosto 12, 2025, 15:00",Validado,1,
BOSCO SUNSET VIERNES 8/08,6177,"martes, agosto 26, 2025, 15:00",Validado,1,
BOSCO SUNSET VIERNES 8/08,6177,"jueves, septiembre 4, 2025, 17:00",Validado,1,
BOSCO SUNSET VIERNES 8/08,6177,"domingo, septiembre 7, 2025, 15:00",Validado,2,
CAF칄 & VINO RAVE - 360 Sessions & Cafe Paulin press. ESSENCE,6357,"s치bado, enero 1, 2000, 01:00",No Ingresado,284,
CAF칄 & VINO RAVE - 360 Sessions & Cafe Paulin press. ESSENCE,6357,"s치bado, agosto 9, 2025, 16:00",Validado,37,
CAF칄 & VINO RAVE - 360 Sessions & Cafe Paulin press. ESSENCE,6357,"s치bado, agosto 9, 2025, 17:00",Validado,17,
CAF칄 & VINO RAVE - 360 Sessions & Cafe Paulin press. ESSENCE,6357,"s치bado, agosto 9, 2025, 18:00",Validado,3,
CAF칄 & VINO RAVE - 360 Sessions & Cafe Paulin press. ESSENCE,6357,"s치bado, agosto 9, 2025, 19:00",Validado,3,
CAF칄 & VINO RAVE - 360 Sessions & Cafe Paulin press. ESSENCE,6357,"domingo, agosto 10, 2025, 01:00",Validado,3,
CLIENTES AURA 09/07,6336,"s치bado, enero 1, 2000, 01:00",No Ingresado,133,
CLIENTES AURA 09/07,6336,"s치bado, agosto 9, 2025, 20:00",Validado,5,
CLIENTES AURA 09/07,6336,"s치bado, agosto 9, 2025, 21:00",Validado,174,
CLIENTES AURA 09/07,6336,"s치bado, agosto 9, 2025, 22:00",Validado,45,
CLIENTES AURA 09/07,6336,"s치bado, agosto 9, 2025, 23:00",Validado,4,
CLIENTES AURA 09/07,6336,"martes, agosto 12, 2025, 18:00",Validado,1,
CLIENTES AURA 09/07,6336,"mi칠rcoles, agosto 13, 2025, 09:00",Validado,1,
CLIENTES AURA 09/07,6336,"jueves, agosto 14, 2025, 15:00",Validado,1,
CLIENTES AURA 09/07,6336,"martes, agosto 26, 2025, 15:00",Validado,1,
CLIENTES AURA 09/07,6336,"mi칠rcoles, agosto 27, 2025, 21:00",Validado,1,
CLIENTES AURA 09/07,6336,"viernes, agosto 29, 2025, 15:00",Validado,1,
CLIENTES AURA 09/07,6336,"martes, septiembre 2, 2025, 21:00",Validado,1,
CLIENTES THE WEST GROOVE 07/08,6457,"s치bado, enero 1, 2000, 01:00",No Ingresado,24,
CLIENTES THE WEST GROOVE 07/08,6457,"jueves, agosto 7, 2025, 19:00",Validado,2,
CLIENTES THE WEST GROOVE 07/08,6457,"jueves, agosto 7, 2025, 20:00",Validado,14,
CLIENTES THE WEST GROOVE 07/08,6457,"jueves, agosto 7, 2025, 21:00",Validado,20,
CLIENTES THE WEST GROOVE 07/08,6457,"jueves, agosto 7, 2025, 22:00",Validado,3,
CLUB QUBA | JUEVES 07.08,6446,"s치bado, enero 1, 2000, 01:00",No Ingresado,539,
CLUB QUBA | JUEVES 07.08,6446,"jueves, agosto 7, 2025, 22:00",Validado,3,
CLUB QUBA | JUEVES 07.08,6446,"jueves, agosto 7, 2025, 23:00",Validado,185,
CLUB QUBA | JUEVES 07.08,6446,"viernes, agosto 8, 2025, 00:00",Validado,120,
CLUB QUBA | JUEVES 07.08,6446,"viernes, agosto 8, 2025, 01:00",Validado,49,
CLUB QUBA | JUEVES 07.08,6446,"viernes, agosto 8, 2025, 02:00",Validado,7,
CLUB QUBA | JUEVES 07.08,6446,"mi칠rcoles, agosto 13, 2025, 12:00",Validado,2,
CLUB QUBA | JUEVES 07.08,6446,"jueves, septiembre 4, 2025, 17:00",Validado,6,
CLUB QUBA | S츼BADO 09.08,6402,"s치bado, enero 1, 2000, 01:00",No Ingresado,618,
CLUB QUBA | S츼BADO 09.08,6402,"s치bado, agosto 9, 2025, 23:00",Validado,1,
CLUB QUBA | S츼BADO 09.08,6402,"domingo, agosto 10, 2025, 00:00",Validado,43,
CLUB QUBA | S츼BADO 09.08,6402,"domingo, agosto 10, 2025, 01:00",Validado,155,
CLUB QUBA | S츼BADO 09.08,6402,"domingo, agosto 10, 2025, 02:00",Validado,25,
CLUB QUBA | S츼BADO 09.08,6402,"domingo, agosto 10, 2025, 03:00",Validado,13,
CLUB QUBA | S츼BADO 09.08,6402,"mi칠rcoles, agosto 13, 2025, 12:00",Validado,3,
CLUB QUBA | S츼BADO 09.08,6402,"s치bado, agosto 16, 2025, 18:00",Validado,1,
CLUB QUBA | S츼BADO 09.08,6402,"viernes, agosto 29, 2025, 16:00",Validado,1,
CLUB QUBA | S츼BADO 09.08,6402,"s치bado, septiembre 13, 2025, 14:00",Validado,2,
Cyberfunk FREE RAVE // Indoor Edition ,6315,"s치bado, enero 1, 2000, 01:00",No Ingresado,"2,433",
Cyberfunk FREE RAVE // Indoor Edition ,6315,"s치bado, agosto 9, 2025, 00:00",Validado,214,
Cyberfunk FREE RAVE // Indoor Edition ,6315,"s치bado, agosto 9, 2025, 01:00",Validado,273,
Cyberfunk FREE RAVE // Indoor Edition ,6315,"s치bado, agosto 9, 2025, 02:00",Validado,47,
Cyberfunk FREE RAVE // Indoor Edition ,6315,"s치bado, agosto 9, 2025, 03:00",Validado,56,
Cyberfunk FREE RAVE // Indoor Edition ,6315,"lunes, agosto 11, 2025, 21:00",Validado,3,
Cyberfunk FREE RAVE // Indoor Edition ,6315,"martes, agosto 12, 2025, 17:00",Validado,2,
Cyberfunk FREE RAVE // Indoor Edition ,6315,"mi칠rcoles, agosto 13, 2025, 12:00",Validado,1,
Cyberfunk FREE RAVE // Indoor Edition ,6315,"martes, agosto 19, 2025, 21:00",Validado,1,
Cyberfunk FREE RAVE // Indoor Edition ,6315,"mi칠rcoles, agosto 20, 2025, 12:00",Validado,2,
Cyberfunk FREE RAVE // Indoor Edition ,6315,"s치bado, agosto 23, 2025, 19:00",Validado,2,
Cyberfunk FREE RAVE // Indoor Edition ,6315,"s치bado, agosto 30, 2025, 14:00",Validado,2,
Cyberfunk FREE RAVE // Indoor Edition ,6315,"martes, septiembre 2, 2025, 11:00",Validado,2,
Cyberfunk FREE RAVE // Indoor Edition ,6315,"jueves, septiembre 4, 2025, 10:00",Validado,2,
DESEO & INDIE FOLKS PRES. ELA MINUS (LIVE),6003,"s치bado, enero 1, 2000, 01:00",No Ingresado,45,
DESEO & INDIE FOLKS PRES. ELA MINUS (LIVE),6003,"mi칠rcoles, agosto 6, 2025, 20:00",Validado,299,
DESEO & INDIE FOLKS PRES. ELA MINUS (LIVE),6003,"mi칠rcoles, agosto 6, 2025, 21:00",Validado,279,
DESEO & INDIE FOLKS PRES. ELA MINUS (LIVE),6003,"mi칠rcoles, agosto 6, 2025, 22:00",Validado,6,
DESEO & INDIE FOLKS PRES. ELA MINUS (LIVE),6003,"jueves, agosto 7, 2025, 13:00",Validado,1,
DESEO & INDIE FOLKS PRES. ELA MINUS (LIVE),6003,"viernes, agosto 8, 2025, 10:00",Validado,1,
DESEO & INDIE FOLKS PRES. ELA MINUS (LIVE),6003,"domingo, agosto 10, 2025, 22:00",Validado,1,
DESEO & INDIE FOLKS PRES. ELA MINUS (LIVE),6003,"lunes, agosto 18, 2025, 13:00",Validado,1,
DISIDANCE @ Shamrock Basement - Tom Tom Clubber / Rumanians / Delsin / Ana Helder,6331,"s치bado, enero 1, 2000, 01:00",No Ingresado,66,
DISIDANCE @ Shamrock Basement - Tom Tom Clubber / Rumanians / Delsin / Ana Helder,6331,"domingo, agosto 10, 2025, 00:00",Validado,7,
DISIDANCE @ Shamrock Basement - Tom Tom Clubber / Rumanians / Delsin / Ana Helder,6331,"domingo, agosto 10, 2025, 01:00",Validado,58,
DISIDANCE @ Shamrock Basement - Tom Tom Clubber / Rumanians / Delsin / Ana Helder,6331,"domingo, agosto 10, 2025, 02:00",Validado,8,
DISIDANCE @ Shamrock Basement - Tom Tom Clubber / Rumanians / Delsin / Ana Helder,6331,"domingo, agosto 10, 2025, 03:00",Validado,6,
DISIDANCE @ Shamrock Basement - Tom Tom Clubber / Rumanians / Delsin / Ana Helder,6331,"s치bado, agosto 23, 2025, 19:00",Validado,1,
DISIDANCE @ Shamrock Basement - Tom Tom Clubber / Rumanians / Delsin / Ana Helder,6331,"mi칠rcoles, agosto 27, 2025, 12:00",Validado,2,
"DUNE PARK LEGACY Vol. II: JULIAN ANTHONY (NL), SOUND PROCESS & FRANCISCO TETTAMANTI",6078,"s치bado, enero 1, 2000, 01:00",No Ingresado,45,
"DUNE PARK LEGACY Vol. II: JULIAN ANTHONY (NL), SOUND PROCESS & FRANCISCO TETTAMANTI",6078,"s치bado, agosto 9, 2025, 23:00",Validado,12,
"DUNE PARK LEGACY Vol. II: JULIAN ANTHONY (NL), SOUND PROCESS & FRANCISCO TETTAMANTI",6078,"domingo, agosto 10, 2025, 00:00",Validado,34,
"DUNE PARK LEGACY Vol. II: JULIAN ANTHONY (NL), SOUND PROCESS & FRANCISCO TETTAMANTI",6078,"domingo, agosto 10, 2025, 01:00",Validado,110,
"DUNE PARK LEGACY Vol. II: JULIAN ANTHONY (NL), SOUND PROCESS & FRANCISCO TETTAMANTI",6078,"domingo, agosto 10, 2025, 02:00",Validado,74,
"DUNE PARK LEGACY Vol. II: JULIAN ANTHONY (NL), SOUND PROCESS & FRANCISCO TETTAMANTI",6078,"domingo, agosto 10, 2025, 03:00",Validado,17,
"DUNE PARK LEGACY Vol. II: JULIAN ANTHONY (NL), SOUND PROCESS & FRANCISCO TETTAMANTI",6078,"lunes, agosto 11, 2025, 12:00",Validado,1,
"DUNE PARK LEGACY Vol. II: JULIAN ANTHONY (NL), SOUND PROCESS & FRANCISCO TETTAMANTI",6078,"mi칠rcoles, septiembre 17, 2025, 00:00",Validado,1,
DUNE PARK PRES. SAPO ARGENTINO,6205,"s치bado, enero 1, 2000, 01:00",No Ingresado,3,
DUNE PARK PRES. SAPO ARGENTINO,6205,"jueves, agosto 7, 2025, 20:00",Validado,2,
DUNE PARK PRES. SAPO ARGENTINO,6205,"jueves, agosto 7, 2025, 21:00",Validado,9,
DUNE PARK PRES. SAPO ARGENTINO,6205,"martes, agosto 19, 2025, 13:00",Validado,1,
"DUNE PARK pres. SOL PORRO, LUL칔 MATHEOU, ROMINA DEZ & JESICA FALASCHI",6275,"s치bado, enero 1, 2000, 01:00",No Ingresado,31,
"DUNE PARK pres. SOL PORRO, LUL칔 MATHEOU, ROMINA DEZ & JESICA FALASCHI",6275,"viernes, agosto 8, 2025, 23:00",Validado,2,
"DUNE PARK pres. SOL PORRO, LUL칔 MATHEOU, ROMINA DEZ & JESICA FALASCHI",6275,"s치bado, agosto 9, 2025, 00:00",Validado,13,
"DUNE PARK pres. SOL PORRO, LUL칔 MATHEOU, ROMINA DEZ & JESICA FALASCHI",6275,"s치bado, agosto 9, 2025, 01:00",Validado,59,
"DUNE PARK pres. SOL PORRO, LUL칔 MATHEOU, ROMINA DEZ & JESICA FALASCHI",6275,"s치bado, agosto 9, 2025, 02:00",Validado,15,
"DUNE PARK pres. SOL PORRO, LUL칔 MATHEOU, ROMINA DEZ & JESICA FALASCHI",6275,"s치bado, agosto 9, 2025, 03:00",Validado,3,
"DUNE PARK pres. SOL PORRO, LUL칔 MATHEOU, ROMINA DEZ & JESICA FALASCHI",6275,"jueves, agosto 14, 2025, 16:00",Validado,1,
"El Club de la Serpiente, Las Reliquias del Bosque Encantado - 8 de Agosto- Auditorio Sur - Temperley, Buenos Aires ",6200,"s치bado, enero 1, 2000, 01:00",No Ingresado,110,
"El Club de la Serpiente, Las Reliquias del Bosque Encantado - 8 de Agosto- Auditorio Sur - Temperley, Buenos Aires ",6200,"s치bado, agosto 9, 2025, 00:00",Validado,214,
"El Club de la Serpiente, Las Reliquias del Bosque Encantado - 8 de Agosto- Auditorio Sur - Temperley, Buenos Aires ",6200,"s치bado, agosto 9, 2025, 01:00",Validado,669,
"El Club de la Serpiente, Las Reliquias del Bosque Encantado - 8 de Agosto- Auditorio Sur - Temperley, Buenos Aires ",6200,"s치bado, agosto 9, 2025, 02:00",Validado,461,
"El Club de la Serpiente, Las Reliquias del Bosque Encantado - 8 de Agosto- Auditorio Sur - Temperley, Buenos Aires ",6200,"s치bado, agosto 9, 2025, 03:00",Validado,13,
"El Club de la Serpiente, Las Reliquias del Bosque Encantado - 8 de Agosto- Auditorio Sur - Temperley, Buenos Aires ",6200,"mi칠rcoles, agosto 27, 2025, 12:00",Validado,1,
"El Club de la Serpiente, Por Encima De La Mente- 8 de Agosto - Jaguar Haus - Rosario, Santa F칠",6257,"s치bado, enero 1, 2000, 01:00",No Ingresado,109,
"El Club de la Serpiente, Por Encima De La Mente- 8 de Agosto - Jaguar Haus - Rosario, Santa F칠",6257,"viernes, agosto 8, 2025, 23:00",Validado,23,
"El Club de la Serpiente, Por Encima De La Mente- 8 de Agosto - Jaguar Haus - Rosario, Santa F칠",6257,"s치bado, agosto 9, 2025, 00:00",Validado,220,
"El Club de la Serpiente, Por Encima De La Mente- 8 de Agosto - Jaguar Haus - Rosario, Santa F칠",6257,"s치bado, agosto 9, 2025, 01:00",Validado,339,
"El Club de la Serpiente, Por Encima De La Mente- 8 de Agosto - Jaguar Haus - Rosario, Santa F칠",6257,"s치bado, agosto 9, 2025, 02:00",Validado,127,
"El Club de la Serpiente, Por Encima De La Mente- 8 de Agosto - Jaguar Haus - Rosario, Santa F칠",6257,"s치bado, agosto 9, 2025, 03:00",Validado,15,
"El Club de la Serpiente, Por Encima De La Mente- 8 de Agosto - Jaguar Haus - Rosario, Santa F칠",6257,"s치bado, agosto 9, 2025, 04:00",Validado,3,
"El Club de la Serpiente, Por Encima De La Mente- 8 de Agosto - Jaguar Haus - Rosario, Santa F칠",6257,"jueves, agosto 14, 2025, 22:00",Validado,1,
ELEKTRASH (LIVE) ,6432,"s치bado, enero 1, 2000, 01:00",No Ingresado,76,
ELEKTRASH (LIVE) ,6432,"s치bado, agosto 9, 2025, 19:00",Validado,2,
ELEKTRASH (LIVE) ,6432,"s치bado, agosto 9, 2025, 20:00",Validado,14,
ELEKTRASH (LIVE) ,6432,"s치bado, agosto 9, 2025, 21:00",Validado,3,
ELEKTRASH (LIVE) ,6432,"s치bado, agosto 9, 2025, 22:00",Validado,8,
ELEKTRASH (LIVE) ,6432,"s치bado, agosto 9, 2025, 23:00",Validado,1,
ELEKTRASH (LIVE) ,6432,"mi칠rcoles, agosto 20, 2025, 12:00",Validado,2,
EN OBRA NEGRA - JAGUAR DORADO Y SILVIO LANG - 8/8,6270,"s치bado, enero 1, 2000, 01:00",No Ingresado,18,
EN OBRA NEGRA - JAGUAR DORADO Y SILVIO LANG - 8/8,6270,"viernes, agosto 8, 2025, 19:00",Validado,22,
EN OBRA NEGRA - JAGUAR DORADO Y SILVIO LANG - 8/8,6270,"viernes, agosto 8, 2025, 20:00",Validado,26,
Estaci칩n del Sol 100.9 presenta: Ac칰stico Rusher ,6397,"s치bado, enero 1, 2000, 01:00",No Ingresado,56,
"HILAB pres: AE:THER, ANHAUSER, NO RUSH @ BALI, S치bado 09.08",6145,"s치bado, enero 1, 2000, 01:00",No Ingresado,"7,739",
"HILAB pres: AE:THER, ANHAUSER, NO RUSH @ BALI, S치bado 09.08",6145,"domingo, agosto 10, 2025, 00:00",Validado,189,
"HILAB pres: AE:THER, ANHAUSER, NO RUSH @ BALI, S치bado 09.08",6145,"domingo, agosto 10, 2025, 01:00",Validado,502,
"HILAB pres: AE:THER, ANHAUSER, NO RUSH @ BALI, S치bado 09.08",6145,"domingo, agosto 10, 2025, 02:00",Validado,127,
"HILAB pres: AE:THER, ANHAUSER, NO RUSH @ BALI, S치bado 09.08",6145,"domingo, agosto 10, 2025, 03:00",Validado,11,
"HILAB pres: AE:THER, ANHAUSER, NO RUSH @ BALI, S치bado 09.08",6145,"lunes, agosto 25, 2025, 08:00",Validado,2,
"HILAB pres: AE:THER, ANHAUSER, NO RUSH @ BALI, S치bado 09.08",6145,"jueves, agosto 28, 2025, 19:00",Validado,2,
"HILAB pres: AE:THER, ANHAUSER, NO RUSH @ BALI, S치bado 09.08",6145,"lunes, septiembre 1, 2025, 13:00",Validado,3,
"HILAB pres: AE:THER, ANHAUSER, NO RUSH @ BALI, S치bado 09.08",6145,"s치bado, septiembre 6, 2025, 23:00",Validado,3,
"HILAB pres: AE:THER, ANHAUSER, NO RUSH @ BALI, S치bado 09.08",6145,"domingo, septiembre 14, 2025, 02:00",Validado,1,
HOUSEPARTY,6426,"s치bado, enero 1, 2000, 01:00",No Ingresado,158,
HOUSEPARTY,6426,"jueves, agosto 7, 2025, 23:00",Validado,5,
HOUSEPARTY,6426,"viernes, agosto 8, 2025, 00:00",Validado,72,
HOUSEPARTY,6426,"viernes, agosto 8, 2025, 01:00",Validado,14,
HOUSEPARTY,6426,"viernes, agosto 8, 2025, 02:00",Validado,4,
HOUSEPARTY,6426,"viernes, agosto 8, 2025, 03:00",Validado,2,
HOUSEPARTY,6426,"martes, septiembre 9, 2025, 01:00",Validado,1,
JET Sab 9/8,6387,"s치bado, enero 1, 2000, 01:00",No Ingresado,"1,006",
JET Sab 9/8,6387,"s치bado, agosto 9, 2025, 23:00",Validado,11,
JET Sab 9/8,6387,"domingo, agosto 10, 2025, 00:00",Validado,62,
JET Sab 9/8,6387,"domingo, agosto 10, 2025, 01:00",Validado,193,
JET Sab 9/8,6387,"domingo, agosto 10, 2025, 02:00",Validado,156,
JET Sab 9/8,6387,"martes, septiembre 9, 2025, 18:00",Validado,3,
JORGE SAVORETTI,6344,"s치bado, enero 1, 2000, 01:00",No Ingresado,8,
JORGE SAVORETTI,6344,"s치bado, agosto 9, 2025, 22:00",Validado,7,
JORGE SAVORETTI,6344,"s치bado, agosto 9, 2025, 23:00",Validado,18,
JORGE SAVORETTI,6344,"domingo, agosto 10, 2025, 00:00",Validado,24,
JORGE SAVORETTI,6344,"domingo, agosto 10, 2025, 01:00",Validado,25,
JORGE SAVORETTI,6344,"domingo, agosto 10, 2025, 02:00",Validado,5,
JORGE SAVORETTI,6344,"domingo, agosto 10, 2025, 03:00",Validado,1,
JORGE SAVORETTI,6344,"domingo, agosto 10, 2025, 04:00",Validado,1,
JORGE SAVORETTI,6344,"s치bado, agosto 16, 2025, 21:00",Validado,1,
Justine Perry | Marcal ,6337,"s치bado, enero 1, 2000, 01:00",No Ingresado,235,
Justine Perry | Marcal ,6337,"s치bado, agosto 9, 2025, 23:00",Validado,6,
Justine Perry | Marcal ,6337,"domingo, agosto 10, 2025, 00:00",Validado,130,
Justine Perry | Marcal ,6337,"domingo, agosto 10, 2025, 01:00",Validado,94,
Justine Perry | Marcal ,6337,"domingo, agosto 10, 2025, 02:00",Validado,101,
Justine Perry | Marcal ,6337,"domingo, agosto 10, 2025, 03:00",Validado,22,
Justine Perry | Marcal ,6337,"martes, agosto 12, 2025, 20:00",Validado,2,
Justine Perry | Marcal ,6337,"lunes, agosto 18, 2025, 09:00",Validado,2,
Justine Perry | Marcal ,6337,"lunes, septiembre 8, 2025, 17:00",Validado,2,
Justine Perry | Marcal ,6337,"viernes, septiembre 12, 2025, 17:00",Validado,2,
La Movida 7/8,6408,"s치bado, enero 1, 2000, 01:00",No Ingresado,799,
La Movida 7/8,6408,"jueves, agosto 7, 2025, 21:00",Validado,49,
La Movida 7/8,6408,"jueves, agosto 7, 2025, 22:00",Validado,52,
La Movida 7/8,6408,"jueves, agosto 7, 2025, 23:00",Validado,22,
La Movida 7/8,6408,"viernes, agosto 8, 2025, 00:00",Validado,3,
La Movida 7/8,6408,"viernes, agosto 8, 2025, 22:00",Validado,2,
MAZZEO | PACH & ANDRO | IVAN CRUGLEY @ THE GALLERY,6447,"s치bado, agosto 9, 2025, 07:00",Validado,5,
MAZZEO | PACH & ANDRO | IVAN CRUGLEY @ THE GALLERY,6447,"s치bado, agosto 9, 2025, 08:00",Validado,12,
"MESAS - 2GTHR Pres: MAT칈AS SUNDBLAD @ Morocco, Viernes 08.08",6246,"s치bado, enero 1, 2000, 01:00",No Ingresado,12,
"MESAS - HILAB pres: AE:THER, ANHAUSER, NO RUSH @ BALI, S치bado 09.08",6172,"s치bado, enero 1, 2000, 01:00",No Ingresado,3,
MI AMIGO INVENCIBLE,5777,"s치bado, enero 1, 2000, 01:00",No Ingresado,58,
MI AMIGO INVENCIBLE,5777,"s치bado, agosto 9, 2025, 20:00",Validado,661,
MI AMIGO INVENCIBLE,5777,"s치bado, agosto 9, 2025, 21:00",Validado,271,
MI AMIGO INVENCIBLE,5777,"s치bado, agosto 9, 2025, 22:00",Validado,2,
MI AMIGO INVENCIBLE,5777,"lunes, agosto 11, 2025, 13:00",Validado,1,
MI AMIGO INVENCIBLE,5777,"viernes, agosto 15, 2025, 19:00",Validado,1,
MI AMIGO INVENCIBLE SEGUNDA FUNCI칍N,5931,"s치bado, enero 1, 2000, 01:00",No Ingresado,45,
MI AMIGO INVENCIBLE SEGUNDA FUNCI칍N,5931,"viernes, agosto 8, 2025, 20:00",Validado,552,
MI AMIGO INVENCIBLE SEGUNDA FUNCI칍N,5931,"viernes, agosto 8, 2025, 21:00",Validado,307,
MI AMIGO INVENCIBLE SEGUNDA FUNCI칍N,5931,"viernes, agosto 8, 2025, 22:00",Validado,6,
MI AMIGO INVENCIBLE SEGUNDA FUNCI칍N,5931,"s치bado, agosto 9, 2025, 18:00",Validado,3,
MI AMIGO INVENCIBLE SEGUNDA FUNCI칍N,5931,"martes, agosto 12, 2025, 17:00",Validado,1,
MI AMIGO INVENCIBLE SEGUNDA FUNCI칍N,5931,"domingo, agosto 17, 2025, 17:00",Validado,2,
MI AMIGO INVENCIBLE SEGUNDA FUNCI칍N,5931,"s치bado, agosto 30, 2025, 16:00",Validado,2,
Nomads Partaaay!,6386,"s치bado, enero 1, 2000, 01:00",No Ingresado,47,
Nomads Partaaay!,6386,"domingo, agosto 3, 2025, 01:00",Validado,7,
Nomads Partaaay!,6386,"domingo, agosto 10, 2025, 01:00",Validado,1,
Nomads Partaaay!,6386,"domingo, agosto 10, 2025, 02:00",Validado,9,
NOT WELCOME PRESSENTS MAI IACHETTI ,6424,"s치bado, enero 1, 2000, 01:00",No Ingresado,557,
NOT WELCOME PRESSENTS MAI IACHETTI ,6424,"viernes, agosto 8, 2025, 00:00",Validado,73,
NOT WELCOME PRESSENTS MAI IACHETTI ,6424,"viernes, agosto 8, 2025, 01:00",Validado,179,
NOT WELCOME PRESSENTS MAI IACHETTI ,6424,"viernes, agosto 8, 2025, 02:00",Validado,28,
NOT WELCOME PRESSENTS MAI IACHETTI ,6424,"domingo, agosto 10, 2025, 22:00",Validado,3,
NOT WELCOME PRESSENTS MAI IACHETTI ,6424,"lunes, agosto 11, 2025, 10:00",Validado,3,
NOT WELCOME PRESSENTS MAI IACHETTI ,6424,"martes, septiembre 9, 2025, 16:00",Validado,5,
OLD SCHOOL x ARZ - S츼B 09/08,6217,"s치bado, enero 1, 2000, 01:00",No Ingresado,560,
OLD SCHOOL x ARZ - S츼B 09/08,6217,"domingo, agosto 10, 2025, 00:00",Validado,5,
OLD SCHOOL x ARZ - S츼B 09/08,6217,"domingo, agosto 10, 2025, 01:00",Validado,198,
OLD SCHOOL x ARZ - S츼B 09/08,6217,"domingo, agosto 10, 2025, 02:00",Validado,173,
OLD SCHOOL x ARZ - S츼B 09/08,6217,"domingo, agosto 10, 2025, 03:00",Validado,63,
OLD SCHOOL x ARZ - S츼B 09/08,6217,"domingo, agosto 10, 2025, 04:00",Validado,4,
OLD SCHOOL x ARZ - S츼B 09/08,6217,"jueves, agosto 14, 2025, 03:00",Validado,1,
OLD SCHOOL x ARZ - S츼B 09/08,6217,"domingo, agosto 31, 2025, 15:00",Validado,1,
OLD SCHOOL x ARZ - S츼B 09/08,6217,"s치bado, septiembre 6, 2025, 18:00",Validado,1,
OLD SCHOOL x ARZ - S츼B 09/08,6217,"s치bado, septiembre 13, 2025, 19:00",Validado,2,
Paranoli en el Hip칩dromo,6333,"s치bado, enero 1, 2000, 01:00",No Ingresado,223,
Paranoli en el Hip칩dromo,6333,"s치bado, agosto 9, 2025, 03:00",Validado,"1,790",
Paranoli en el Hip칩dromo,6333,"martes, agosto 12, 2025, 11:00",Validado,3,
Paranoli en el Hip칩dromo,6333,"martes, agosto 12, 2025, 19:00",Validado,2,
Paranoli en el Hip칩dromo,6333,"mi칠rcoles, agosto 13, 2025, 13:00",Validado,3,
Paranoli en el Hip칩dromo,6333,"mi칠rcoles, agosto 13, 2025, 17:00",Validado,1,
Paranoli en el Hip칩dromo,6333,"lunes, agosto 18, 2025, 13:00",Validado,1,
Paranoli en el Hip칩dromo,6333,"lunes, agosto 18, 2025, 19:00",Validado,1,
Paranoli en el Hip칩dromo,6333,"martes, agosto 19, 2025, 16:00",Validado,1,
Paranoli en el Hip칩dromo,6333,"mi칠rcoles, agosto 20, 2025, 19:00",Validado,3,
Paranoli en el Hip칩dromo,6333,"mi칠rcoles, agosto 20, 2025, 20:00",Validado,2,
Paranoli en el Hip칩dromo,6333,"jueves, agosto 21, 2025, 16:00",Validado,5,
Paranoli en el Hip칩dromo,6333,"s치bado, agosto 23, 2025, 00:00",Validado,1,
Paranoli en el Hip칩dromo,6333,"mi칠rcoles, agosto 27, 2025, 13:00",Validado,2,
Paranoli en el Hip칩dromo,6333,"mi칠rcoles, agosto 27, 2025, 20:00",Validado,1,
Paranoli en el Hip칩dromo,6333,"mi칠rcoles, septiembre 3, 2025, 08:00",Validado,3,
Paranoli en el Hip칩dromo,6333,"jueves, septiembre 4, 2025, 12:00",Validado,4,
Paranoli en el Hip칩dromo,6333,"viernes, septiembre 5, 2025, 11:00",Validado,2,
Paranoli en el Hip칩dromo,6333,"viernes, septiembre 5, 2025, 15:00",Validado,1,
Paranoli en el Hip칩dromo,6333,"lunes, septiembre 8, 2025, 17:00",Validado,6,
PUEBLO LIMITE | SABADO 9/08,6412,"s치bado, enero 1, 2000, 01:00",No Ingresado,808,
PUEBLO LIMITE | SABADO 9/08,6412,"domingo, agosto 10, 2025, 00:00",Validado,26,
PUEBLO LIMITE | SABADO 9/08,6412,"domingo, agosto 10, 2025, 01:00",Validado,268,
PUEBLO LIMITE | SABADO 9/08,6412,"jueves, agosto 14, 2025, 21:00",Validado,1,
PUEBLO LIMITE | SABADO 9/08,6412,"viernes, agosto 15, 2025, 18:00",Validado,2,
PUEBLO LIMITE | SABADO 9/08,6412,"s치bado, agosto 23, 2025, 11:00",Validado,1,
PUEBLO LIMITE | SABADO 9/08,6412,"viernes, septiembre 5, 2025, 22:00",Validado,1,
PUEBLO LIMITE | SABADO 9/08,6412,"mi칠rcoles, septiembre 10, 2025, 17:00",Validado,3,
PUEBLO LIMITE | SABADO 9/08,6412,"viernes, septiembre 12, 2025, 22:00",Validado,1,
PUEBLO LIMITE | SABADO 9/08,6412,"s치bado, septiembre 13, 2025, 21:00",Validado,1,
RGB #002,6302,"s치bado, enero 1, 2000, 01:00",No Ingresado,34,
RGB #002,6302,"domingo, agosto 10, 2025, 00:00",Validado,22,
RGB #002,6302,"domingo, agosto 10, 2025, 01:00",Validado,13,
RGB #002,6302,"domingo, agosto 10, 2025, 02:00",Validado,7,
RGB #002,6302,"domingo, agosto 10, 2025, 03:00",Validado,5,
S츼BADO CACHENGUE BY BOSCO SUNSET 9/08,6183,"s치bado, enero 1, 2000, 01:00",No Ingresado,115,
S츼BADO CACHENGUE BY BOSCO SUNSET 9/08,6183,"s치bado, agosto 9, 2025, 20:00",Validado,47,
S츼BADO CACHENGUE BY BOSCO SUNSET 9/08,6183,"s치bado, agosto 9, 2025, 21:00",Validado,81,
S츼BADO CACHENGUE BY BOSCO SUNSET 9/08,6183,"s치bado, agosto 9, 2025, 22:00",Validado,237,
S츼BADO CACHENGUE BY BOSCO SUNSET 9/08,6183,"s치bado, agosto 9, 2025, 23:00",Validado,89,
S츼BADO CACHENGUE BY BOSCO SUNSET 9/08,6183,"jueves, agosto 14, 2025, 16:00",Validado,1,
S츼BADO CACHENGUE BY BOSCO SUNSET 9/08,6183,"viernes, agosto 15, 2025, 13:00",Validado,1,
S츼BADO CACHENGUE BY BOSCO SUNSET 9/08,6183,"viernes, agosto 15, 2025, 15:00",Validado,1,
S츼BADO CACHENGUE BY BOSCO SUNSET 9/08,6183,"viernes, agosto 22, 2025, 13:00",Validado,1,
S츼BADO CACHENGUE BY BOSCO SUNSET 9/08,6183,"s치bado, septiembre 13, 2025, 15:00",Validado,1,
SIDERAL + Transformation + Rebecca,6255,"s치bado, enero 1, 2000, 01:00",No Ingresado,980,
SIDERAL + Transformation + Rebecca,6255,"s치bado, agosto 9, 2025, 00:00",Validado,101,
SIDERAL + Transformation + Rebecca,6255,"s치bado, agosto 9, 2025, 01:00",Validado,390,
SIDERAL + Transformation + Rebecca,6255,"s치bado, agosto 9, 2025, 02:00",Validado,203,
SIDERAL + Transformation + Rebecca,6255,"s치bado, agosto 9, 2025, 03:00",Validado,36,
SIDERAL + Transformation + Rebecca,6255,"lunes, agosto 11, 2025, 21:00",Validado,1,
SIDERAL + Transformation + Rebecca,6255,"martes, agosto 12, 2025, 19:00",Validado,4,
SIDERAL + Transformation + Rebecca,6255,"viernes, agosto 15, 2025, 19:00",Validado,1,
SIDERAL + Transformation + Rebecca,6255,"mi칠rcoles, septiembre 3, 2025, 21:00",Validado,2,
SIDERAL + Transformation + Rebecca,6255,"martes, septiembre 16, 2025, 15:00",Validado,3,
SIDERAL + Transformation + Rebecca,6255,"martes, septiembre 16, 2025, 22:00",Validado,1,
Take A Break ANIVERSARIO,6355,"s치bado, enero 1, 2000, 01:00",No Ingresado,52,
Take A Break ANIVERSARIO,6355,"s치bado, agosto 9, 2025, 00:00",Validado,6,
The West Groove  7-08,6374,"s치bado, enero 1, 2000, 01:00",No Ingresado,2,
The West Groove  7-08,6374,"jueves, agosto 7, 2025, 19:00",Validado,8,
The West Groove  7-08,6374,"jueves, agosto 7, 2025, 20:00",Validado,17,
The West Groove  7-08,6374,"jueves, agosto 7, 2025, 21:00",Validado,21,
The West Groove  7-08,6374,"viernes, agosto 29, 2025, 22:00",Validado,1,
VICIO + LA M츼QUINA DEL RITMO + ABSURDANCE + NASTY,6437,"s치bado, enero 1, 2000, 01:00",No Ingresado,179,
VICIO + LA M츼QUINA DEL RITMO + ABSURDANCE + NASTY,6437,"domingo, agosto 10, 2025, 00:00",Validado,24,
VICIO + LA M츼QUINA DEL RITMO + ABSURDANCE + NASTY,6437,"domingo, agosto 10, 2025, 01:00",Validado,41,
VICIO + LA M츼QUINA DEL RITMO + ABSURDANCE + NASTY,6437,"domingo, agosto 10, 2025, 02:00",Validado,43,
VICIO + LA M츼QUINA DEL RITMO + ABSURDANCE + NASTY,6437,"domingo, agosto 10, 2025, 03:00",Validado,5,
VICIO + LA M츼QUINA DEL RITMO + ABSURDANCE + NASTY,6437,"viernes, septiembre 5, 2025, 19:00",Validado,2,
VIERNES EN BELA ,6425,"s치bado, enero 1, 2000, 01:00",No Ingresado,108,
VIERNES EN BELA ,6425,"s치bado, agosto 9, 2025, 00:00",Validado,19,
VIERNES EN BELA ,6425,"s치bado, agosto 9, 2025, 01:00",Validado,3,
VIERNES EN BELA ,6425,"s치bado, agosto 9, 2025, 02:00",Validado,3,
VIERNES EN BELA ,6425,"s치bado, agosto 9, 2025, 03:00",Validado,6,
